{
  "id": "1525866",
  "name": "蘑菇导航",
  "font_family": "iconfont",
  "css_prefix_text": "icon",
  "description": "蘑菇导航",
  "glyphs": [
    {
      "icon_id": "444312",
      "name": "休闲，咖啡，娱乐",
      "font_class": "xiuxiankafeiyule",
      "unicode": "e655",
      "unicode_decimal": 58965
    },
    {
      "icon_id": "591848",
      "name": "搜索",
      "font_class": "sousuo",
      "unicode": "e62a",
      "unicode_decimal": 58922
    },
    {
      "icon_id": "657989",
      "name": "导航",
      "font_class": "daohang",
      "unicode": "e651",
      "unicode_decimal": 58961
    },
    {
      "icon_id": "749945",
      "name": "评论",
      "font_class": "pinglun2",
      "unicode": "e62f",
      "unicode_decimal": 58927
    },
    {
      "icon_id": "1079509",
      "name": "学习",
      "font_class": "xuexi",
      "unicode": "e635",
      "unicode_decimal": 58933
    },
    {
      "icon_id": "1473537",
      "name": "音乐",
      "font_class": "yinyue",
      "unicode": "e680",
      "unicode_decimal": 59008
    },
    {
      "icon_id": "2569880",
      "name": "阅读",
      "font_class": "yuedu",
      "unicode": "e67e",
      "unicode_decimal": 59006
    },
    {
      "icon_id": "5460561",
      "name": "软件开发包",
      "font_class": "ruanjiankaifabao",
      "unicode": "ec2e",
      "unicode_decimal": 60462
    },
    {
      "icon_id": "5485655",
      "name": "视频",
      "font_class": "shipin",
      "unicode": "e614",
      "unicode_decimal": 58900
    },
    {
      "icon_id": "6331905",
      "name": "回复",
      "font_class": "huifu",
      "unicode": "e672",
      "unicode_decimal": 58994
    },
    {
      "icon_id": "6742308",
      "name": "素材库",
      "font_class": "sucaiku",
      "unicode": "e685",
      "unicode_decimal": 59013
    },
    {
      "icon_id": "6941968",
      "name": "返回顶部",
      "font_class": "fanhuidingbu-",
      "unicode": "e646",
      "unicode_decimal": 58950
    },
    {
      "icon_id": "7587973",
      "name": "右",
      "font_class": "you",
      "unicode": "e618",
      "unicode_decimal": 58904
    },
    {
      "icon_id": "8219244",
      "name": "搜索",
      "font_class": "sousuo1",
      "unicode": "e60c",
      "unicode_decimal": 58892
    },
    {
      "icon_id": "9901304",
      "name": "分享",
      "font_class": "fenxiang",
      "unicode": "e60f",
      "unicode_decimal": 58895
    },
    {
      "icon_id": "10267280",
      "name": "数据",
      "font_class": "ico_shuju",
      "unicode": "e6ff",
      "unicode_decimal": 59135
    },
    {
      "icon_id": "11096840",
      "name": "赞",
      "font_class": "zan",
      "unicode": "e605",
      "unicode_decimal": 58885
    }
  ]
}
