<?xml version="1.0" encoding="utf-8"?>
<theme>
	<name>Moreno</name>
	<version>1.0.6</version>
	<creationDate>December 2013</creationDate>
	<author>YOOtheme</author>
	<authorEmail>info@yootheme.com</authorEmail>
	<authorUrl>http://www.yootheme.com</authorUrl>
    <copyright>Copyright (C) YOOtheme GmbH</copyright>
    <license>YOOtheme Proprietary Use License (http://www.yootheme.com/license)</license>
	<description>Moreno is the September 2013 theme of the YOOtheme club. It is based on YOOtheme's Warp theme framework. NOTE: It is not free or public. This theme is for members of the YOOtheme club only.</description>
    <positions>
        <position settings="assignment">搜索</position>
        <position settings="assignment">logo</position>
        <position settings="assignment">logo-小</position>
        <position settings="title assignment">菜单</position>
        <position settings="assignment">面包屑导航</position>
        <position settings="title assignment class panel icon badge display">顶部-A</position>
        <position settings="title assignment class panel icon badge display">顶部-B</position>
        <position settings="mosaic title assignment class panel icon badge">磁铁</position>
        <position settings="title assignment class panel icon badge display">底部-A</position>
        <position settings="title assignment class panel icon badge display">底部-B</position>
        <position settings="title assignment class panel icon badge display">主体-顶部</position>
        <position settings="title assignment class panel icon badge display">主体-底部</position>
        <position settings="title assignment class panel icon badge display">侧边栏-A</position>
        <position settings="title assignment class panel icon badge display">侧边栏-B</position>
        <position settings="assignment">底部</position>
        <position settings="title assignment">offcanvas</position>
        <position settings="">调试</position>
    </positions>
</theme>