{
  "appName": "Tiny File Manager",
  "version": "2.3.5",
  "language": [
    {
      "name": "русский",
      "code": "ru",
      "translation": {
        "AppName": "Файловый менеджер",
        "AppTitle": "Файловый менеджер",
        "Login": "Войти",
        "Username": "Пользователь",
        "Password": "Пароль",
        "Logout": "Выйти",
        "Move": "Переместить",
        "Copy": "Копировать",
        "Save": "Сохранить",
        "SelectAll": "Выбрать всё",
        "UnSelectAll": "Отменить выбор",
        "File": "Файл",
        "Back": "Вернуться",
        "Size": "Размер",
        "Perms": "Права доступа",
        "Modified": "Обновление",
        "Owner": "Создатель",
        "Search": "Поиск",
        "NewItem": "Создать",
        "Folder": "Папка",
        "Delete": "Удалить",
        "Rename": "Переименовать",
        "CopyTo": "Скопировать в",
        "DirectLink": "Ссылка",
        "UploadingFiles": "Загрузка файлов",
        "ChangePermissions": "Изменить права",
        "Copying": "Копировать",
        "CreateNewItem": "Создать новый",
        "Name": "Имя",
        "AdvancedEditor": "Улучшеный редактор",
        "RememberMe": "Запомнить меня",
        "Actions": "Действия",
        "Upload": "Загрузить",
        "Cancel": "Отмена",
        "InvertSelection": "Обратная выборка",
        "DestinationFolder": "Папка назначения",
        "ItemType": "Тип элемента",
        "ItemName": "Имя элемента",
        "CreateNow": "Создать сейчас",
        "Download": "Загрузка",
        "Open": "Открыть",
        "UnZip": "Разархивировать",
        "UnZipToFolder": "Разархивировать в папку",
        "Edit": "Редактировать",
        "NormalEditor": "Стандартный редактор",
        "BackUp": "Back Up",
        "SourceFolder": "Путь папки",
        "Files": "Файлы",
        "Change": "Изменения",
        "Settings": "Свойства",
        "Language": "Язык",
        "MemoryUsed": "Используемая память",
        "PartitionSize": "Размер раздела"
      }
    },
    {
      "name": "Italiano",
      "code": "it",
      "translation": {
        "AppName": "Tiny File Manager",
        "AppTitle": "File Manager",
        "Login": "Connettiti",
        "Username": "Username",
        "Password": "Password",
        "Logout": "Disconnettiti",
        "Move": "Sposta",
        "Copy": "Copia",
        "Save": "Salva",
        "SelectAll": "Seleziona tutto",
        "UnSelectAll": "Deseleziona tutto",
        "File": "File",
        "Back": "Indietro",
        "Size": "Dimensione",
        "Perms": "Permessi",
        "Modified": "Modificato",
        "Owner": "Proprietario",
        "Search": "Cerca",
        "NewItem": "Nuovo Elemento",
        "Folder": "Cartella",
        "Delete": "Elimina",
        "Rename": "Rinomina",
        "CopyTo": "Copia su",
        "DirectLink": "Link diretto",
        "UploadingFiles": "Caricamento file",
        "ChangePermissions": "Modifica Permessi",
        "Copying": "Copia in corso",
        "CreateNewItem": "Crea Nuovo Elemento",
        "Name": "Nome",
        "AdvancedEditor": "Editor Avanzato",
        "RememberMe": "Ricordami",
        "Actions": "Azioni",
        "Upload": "Carica",
        "Cancel": "Annulla",
        "InvertSelection": "Inverti Selezione",
        "DestinationFolder": "Cartella di Destinazione",
        "ItemType": "Tipo Elemento",
        "ItemName": "Nome Elemento",
        "CreateNow": "Crea Adesso",
        "Download": "Scarica",
        "Open": "Apri",
        "UnZip": "Decomprimi",
        "UnZipToFolder": "Decomprimi su cartella",
        "Edit": "Modifica",
        "NormalEditor": "Editor Normale",
        "BackUp": "Back-Up",
        "SourceFolder": "Cartella di Origine",
        "Files": "File",
        "Change": "Cambia",
        "Settings": "Impostazioni",
        "Language": "Lingua",
        "MemoryUsed": "Memoria utilizzata",
        "PartitionSize": "Dimensione della partizione"
      }
    },
    {
      "name": "Français",
      "code": "fr",
      "translation": {
        "AppName": "Tiny File Manager",
        "AppTitle": "File Manager",
        "Login": "Connexion",
        "Username": "Utilisateur",
        "Password": "Mot de passe",
        "Logout": "Déconnexion",
        "Move": "Déplacer",
        "Copy": "Copier",
        "Save": "Sauvegarder",
        "SelectAll": "Tout sélectionner",
        "UnSelectAll": "Tout déselectionner",
        "File": "Fichier",
        "Back": "Retour",
        "Size": "Taille",
        "Perms": "Perms",
        "Modified": "Modifié le",
        "Owner": "Propriétaire",
        "Search": "Recherche",
        "NewItem": "Nouvel Élément",
        "Folder": "Dossier",
        "Delete": "Supprimer",
        "Rename": "Renommer",
        "CopyTo": "Copier vers",
        "DirectLink": "Lien direct",
        "UploadingFiles": "Envoyer des fichiers",
        "ChangePermissions": "Modifier les permissions",
        "Copying": "Copier",
        "CreateNewItem": "Créer un nouvel élément",
        "Name": "Nom",
        "AdvancedEditor": "Editeur avancé",
        "RememberMe": "Se rappeler de moi",
        "Actions": "Actes",
        "Upload": "Envoyer",
        "Cancel": "Annuler",
        "InvertSelection": "Inverser la sélection",
        "DestinationFolder": "Dossier destination",
        "ItemType": "Type d'élement",
        "ItemName": "Nom de l'élément",
        "CreateNow": "Créer",
        "Download": "Télécharger",
        "Open": "Ouvrir",
        "UnZip": "Décompressez",
        "UnZipToFolder": "Décompresser dans un dossier",
        "Edit": "Editeur",
        "NormalEditor": "Éditeur Normal",
        "BackUp": "Sauvegarder",
        "SourceFolder": "Dossier Source",
        "Files": "Fichiers",
        "Change": "Modifier",
        "Settings": "Réglages",
        "Language": "Langue",
        "MemoryUsed": "Mémoire utilisée",
        "PartitionSize": "Taille de la partition"
      }
    },
    {
      "name": "Español",
      "code": "es",
      "translation": {
        "AppName": "Pequeño Administrador de Archivos",
        "AppTitle": "Administrador de Archivos",
        "Login": "Iniciar Sesión",
        "Username": "Nombre de Usuario",
        "Password": "Contraseña",
        "Logout": "Desconectarse",
        "Move": "Mover",
        "Copy": "Copiar",
        "Save": "Guardar",
        "SelectAll": "Seleccionar Todo",
        "UnSelectAll": "Des-seleccionar Todo",
        "File": "Archivo",
        "Back": "Atrás",
        "Size": "Tamaño",
        "Perms": "Permisos",
        "Modified": "Modificado",
        "Owner": "Propietario",
        "Search": "Buscar",
        "NewItem": "Nuevo Ítem",
        "Folder": "Carpeta",
        "Delete": "Borrar",
        "Rename": "Cambiar Nombre",
        "CopyTo": "Copiar en",
        "DirectLink": "Link Directo",
        "UploadingFiles": "Subir Archivos",
        "ChangePermissions": "Cambiar Permisos",
        "Copying": "Copiando",
        "CreateNewItem": "Crear nuevo Item",
        "Name": "Nombre",
        "AdvancedEditor": "Editor Avanzado",
        "RememberMe": "Recuérdame",
        "Actions": "Acciones",
        "Upload": "Subir",
        "Cancel": "Cancelar",
        "InvertSelection": "Invertir Selección",
        "DestinationFolder": "Carpeta Destino",
        "ItemType": "Tipo de Ítem",
        "ItemName": "Nombre del Ítem",
        "CreateNow": "Crear",
        "Download": "Descargar",
        "Open": "Abrir",
        "UnZip": "Descomprimir",
        "UnZipToFolder": "Descomprimir en Carpeta",
        "Edit": "Editar",
        "NormalEditor": "Editor Normal",
        "BackUp": "Copia de Seguridad",
        "SourceFolder": "Carpeta Actual",
        "Files": "Archivos",
        "Change": "Cambiar",
        "Settings": "Preferencias",
        "Language": "Lenguaje"
      }
    },
	{
		"name": "Català",
		"code": "ca",
		"translation": {
		"AppName": "Tiny File Manager",
		"AppTitle": "Administrador d'Arxius",
		"Login": "Iniciar Sessió",
		"Username": "Nom d'Usuari",
		"Password": "Contrasenya",
		"Logout": "Desconnectar-se",
		"Move": "Moure",
		"Copy": "Copiar",
		"Save": "Desar",
		"SelectAll": "Seleccionar Tot",
		"UnSelectAll": "Deseleccionar Tot",
		"File": "Arxiu",
		"Back": "Enrere",
		"Size": "Mida",
		"Perms": "Permisos",
		"Modified": "Modificat",
		"Owner": "Propietari",
		"Search": "Cercar",
		"NewItem": "Nou Ítem",
		"Folder": "Carpeta",
		"Delete": "Esborrar",
		"Rename": "Canviar Nom",
		"CopyTo": "Copiar a",
		"DirectLink": "Enllaç Directe",
		"UploadingFiles": "Pujar Arxius",
		"ChangePermissions": "Canviar Permisos",
		"Copying": "Copiant",
		"CreateNewItem": "Crear un Nou Ítem",
		"Name": "Nom",
		"AdvancedEditor": "Editor Avançat",
		"RememberMe": "Recorda'm",
		"Actions": "Accions",
		"Upload": "Pujar",
		"Cancel": "Cancel·lar",
		"InvertSelection": "Invertir Selecció",
		"DestinationFolder": "Carpeta Destí",
		"ItemType": "Tipus d'Ítem",
		"ItemName": "Nom de l'Ítem",
		"CreateNow": "Crear",
		"Download": "Descarregar",
		"Open": "Obrir",
		"UnZip": "Descomprimir",
		"UnZipToFolder": "Descomprimir a Carpeta",
		"Edit": "Editar",
		"NormalEditor": "Editor Normal",
		"BackUp": "Còpia de Seguretat",
		"SourceFolder": "Carpeta Actual",
		"Files": "Arxius",
		"Change": "Canviar",
		"Settings": "Preferències",
		"Language": "Idioma",
		"Preview": "Previsualitzar"
		}
	},
    {
      "name": "Deutsch",
      "code": "de",
      "translation": {
        "AppName": "Tiny File Manager",
        "AppTitle": "Datei Manager",
        "Login": "Einloggen",
        "Username": "Benutzername",
        "Password": "Passwort",
        "Logout": "Ausloggen",
        "Move": "Verschieben",
        "Copy": "Kopieren",
        "Save": "Speichern",
        "SelectAll": "Alles auswählen",
        "UnSelectAll": "Alles abwählen",
        "File": "Datei",
        "Back": "Zurück",
        "Size": "Größe",
        "Perms": "Berechtigungen",
        "Modified": "Geändert",
        "Owner": "Eigentümer",
        "Search": "Suchen",
        "NewItem": "Neues Element",
        "Folder": "Ordner",
        "Delete": "Löschen",
        "Rename": "Umbenennen",
        "CopyTo": "Kopieren nach",
        "DirectLink": "Direktlink",
        "UploadingFiles": "Datei hochladen",
        "ChangePermissions": "Berechtigungen ändern",
        "Copying": "Kopieren",
        "CreateNewItem": "Neue Datei erstellen",
        "Name": "Name",
        "AdvancedEditor": "Erweiterter Editor",
        "RememberMe": "Eingeloggt bleiben",
        "Actions": "Aktionen",
        "Upload": "Hochladen",
        "Cancel": "Abbrechen",
        "InvertSelection": "Auswahl umkehren",
        "DestinationFolder": "Zielordner",
        "ItemType": "Dateityp",
        "ItemName": "Dateiname",
        "CreateNow": "Jetzt erstellen",
        "Download": "Download",
        "Open": "Öffnen",
        "UnZip": "Entpacken",
        "UnZipToFolder": "Entpacken im Ordner",
        "Edit": "Bearbeiten",
        "NormalEditor": "Standard Editor",
        "BackUp": "Backup",
        "SourceFolder": "Quellordner",
        "Files": "Dateien",
        "Change": "Ändern",
        "Settings": "Einstellungen",
        "Language": "Sprache"
      }
    },
    {
      "name": "ภาษาไทย",
      "code": "th",
      "translation": {
        "AppName": "Tiny File Manager",
        "AppTitle": "ตัวจัดการไฟล์",
        "Login": "เข้าสู่ระบบ",
        "Username": "ชื่อผู้ใช้งาน",
        "Password": "รหัสผ่าน",
        "Logout": "ออกจากระบบ",
        "Move": "ย้าย",
        "Copy": "คัดลอก",
        "Save": "บันทึก",
        "SelectAll": "เลือกท้งหมด",
        "UnSelectAll": "ไม่เลือกทั้งหมด",
        "File": "ไฟล์",
        "Back": "กลับ",
        "Size": "ขนาด",
        "Perms": "รหัสสิทธิ์",
        "Modified": "แก้ไขล่าสุดเมื่อ",
        "Owner": "เจ้าของ",
        "Search": "ค้นหา",
        "NewItem": "สร้างใหม่",
        "Folder": "โฟลเดอร์",
        "Delete": "ลบ",
        "Rename": "เปลี่ยนชื่อ",
        "CopyTo": "คัดลอกไปยัง",
        "DirectLink": "ไปยังลิ้งก์นั้น",
        "UploadingFiles": "อัพโหลด",
        "ChangePermissions": "เปลี่ยนสิทธิ์",
        "Copying": "กำลังย้ายข้อมูล",
        "CreateNewItem": "สร้างไฟล์ใหม่",
        "Name": "ชื่อ",
        "AdvancedEditor": "แก้ไขขั้นสูง",
        "RememberMe": "จดจำฉันไว้",
        "Actions": "การทำงาน",
        "Upload": "อัพโหลด",
        "Cancel": "ยกเลิก",
        "InvertSelection": "เปลี่ยนข้อมูล",
        "DestinationFolder": "โฟลเดอร์ปลายทาง",
        "ItemType": "ข้อมูลประเภท",
        "ItemName": "ชื่อไฟล์",
        "CreateNow": "สร้างตอนนี้",
        "Download": "ดาวโหลด",
        "Open": "เปิด",
        "UnZip": "แตก Zip",
        "UnZipToFolder": "แตกไฟล์ในโฟเดอร์นี้",
        "Edit": "แก้ไข",
        "NormalEditor": "แก้ไขปกติ",
        "BackUp": "สำรองข้อมูล",
        "SourceFolder": "โฟลเดอร์ต้นทาง",
        "Files": "ไฟล์",
        "Change": "เปลี่ยน",
        "Settings": "การตั้งค่า",
        "Language": "ภาษา"
      }
    },
    {
      "name": "简体中文",
      "code": "zh-CN",
      "translation": {
        "AppName": "Tiny File Manager",
        "AppTitle": "文件及目录管理器",
        "Login": "登录",
        "Username": "账号",
        "Password": "密码",
        "Logout": "退出",
        "Move": "移动",
        "Copy": "拷贝",
        "Save": "保存",
        "SelectAll": "全选",
        "UnSelectAll": "取消全选",
        "File": "文件",
        "Back": "取消上传",
        "Size": "文档大小",
        "Perms": "权限",
        "Modified": "修改时间",
        "Owner": "拥有者",
        "Search": "查找",
        "NewItem": "创建新文件/文件夹",
        "Folder": "文件夹",
        "Delete": "删除",
        "CopyTo": "复制到",
        "DirectLink": "直链",
        "UploadingFiles": "上传",
        "ChangePermissions": "修改权限",
        "Copying": "复制中",
        "CreateNewItem": "创建新文件",
        "Name": "文件名",
        "AdvancedEditor": "高级编辑器",
        "RememberMe": "记住登录信息",
        "Actions": "可执行操作",
        "Upload": "上传",
        "Cancel": "取消",
        "InvertSelection": "反向选择",
        "DestinationFolder": "目标文件夹",
        "ItemType": "文件类型",
        "ItemName": "创建名称",
        "CreateNow": "创建",
        "Download": "下載",
        "UnZip": "解压缩",
        "UnZipToFolder": "解压至目标文件夹",
        "Edit": "编辑",
        "NormalEditor": "编辑器",
        "BackUp": "备份",
        "SourceFolder": "源文件夹",
        "Files": "文件",
        "Change": "修改",
        "Settings": "配置",
        "Language": "语言",
        "Open": "开启",
        "Group": "用户组",
        "Other": "其它用户",
        "Read": "读取权限",
        "Write": "写入权限",
        "Execute": "执行权限",
        "Rename": "重命名",
        "enable": "启用",
        "disable": "禁用",
        "ErrorReporting": "上传错误报告",
        "ShowHiddenFiles": "显示隐藏文件"
      }
    },
    {
      "name": "中文(繁體)",
      "code": "zh-TW",
      "translation": {
        "AppName": "檔案管理器",
        "AppTitle": "檔案管理器",
        "Login": "登入",
        "Username": "帳號",
        "Password": "密碼",
        "Logout": "登出",
        "Move": "移動",
        "Copy": "複製",
        "Save": "保存",
        "SelectAll": "選擇全部",
        "UnSelectAll": "取消選擇全部",
        "File": "檔案",
        "Back": "返回",
        "Size": "大小",
        "Perms": "權限",
        "Modified": "修改時間",
        "Owner": "擁有者",
        "Search": "搜尋",
        "NewItem": "新檔案",
        "Folder": "資料夾",
        "Delete": "移除",
        "CopyTo": "複製到",
        "DirectLink": "直接連結",
        "UploadingFiles": "上傳檔案",
        "ChangePermissions": "變更權限",
        "Copying": "複製",
        "CreateNewItem": "建立新檔案",
        "Name": "檔名",
        "AdvancedEditor": "進階編輯",
        "RememberMe": "記住我",
        "Actions": "動作",
        "Upload": "上傳",
        "Cancel": "取消",
        "InvertSelection": "選擇反轉",
        "DestinationFolder": "目標資料夾",
        "ItemType": "檔案類型",
        "ItemName": "檔案檔名",
        "CreateNow": "建立",
        "Download": "下載",
        "UnZip": "解壓縮",
        "UnZipToFolder": "解壓縮至資料夾",
        "Edit": "編輯",
        "NormalEditor": "普通編輯",
        "BackUp": "上傳",
        "SourceFolder": "來源資料夾",
        "Files": "檔案",
        "Change": "變更",
        "Settings": "設定",
        "Language": "語言",
        "Open": "開啟",
        "Group": "群組",
        "Other": "其他",
        "Read": "讀取",
        "Write": "寫入",
        "Execute": "執行",
        "Rename": "重新命名",
        "enable": "開啟",
        "disable": "關閉"
      }
    },
    {
      "name": "Bahasa Indonesia",
      "code": "id",
      "translation": {
        "AppName": "Tiny File Manager",
        "AppTitle": "Pengelola File",
        "Login": "Masuk",
        "Username": "Nama pengguna",
        "Password": "Kata sandi",
        "Logout": "Keluar",
        "Move": "Pindah",
        "Copy": "Salin",
        "Save": "Simpan",
        "SelectAll": "Pilih semua",
        "UnSelectAll": "Batalkan pilihan semua",
        "File": "File",
        "Back": "Kembali",
        "Size": "Ukuran",
        "Perms": "Perizinan",
        "Modified": "Terakhir diubah",
        "Owner": "Pemilik",
        "Search": "Cari",
        "NewItem": "Item baru",
        "Folder": "Folder",
        "Delete": "Hapus",
        "Rename": "Ganti nama",
        "CopyTo": "Salin ke",
        "DirectLink": "Link langsung",
        "UploadingFiles": "Mengupload file",
        "ChangePermissions": "Ubah perizinan",
        "Copying": "Menyalin",
        "CreateNewItem": "Buat item baru",
        "Name": "Nama",
        "AdvancedEditor": "Editor tingkat lanjut",
        "RememberMe": "Ingat saya",
        "Actions": "Aksi",
        "Upload": "Upload",
        "Cancel": "Batal",
        "InvertSelection": "Pilihan sebaliknya",
        "DestinationFolder": "Folder tujuan",
        "ItemType": "Tipe item",
        "ItemName": "Nama item",
        "CreateNow": "Buat sekarang",
        "Download": "Unduh",
        "Open": "Buka",
        "UnZip": "UnZip",
        "UnZipToFolder": "UnZip ke folder",
        "Edit": "Edit",
        "NormalEditor": "Editor normal",
        "BackUp": "Cadangkan",
        "SourceFolder": "Folder sumber",
        "Files": "File",
        "Change": "Ubah",
        "Settings": "Pengaturan",
        "Language": "Bahasa",
        "MemoryUsed": "Memori terpakai",
        "PartitionSize": "Ukuran partisi"
      }
    },
	{
      "name": "Ελληνικά",
      "code": "gr",
      "translation": {
        "AppName": "Tiny File Manager",
        "AppTitle": "File Manager",
        "Login": "Είσοδος",
        "Username": "Username",
        "Password": "Password",
        "Logout": "Αποσύνδεση",
        "Move": "Μετακίνση",
        "Copy": "Αντιγραφή",
        "Save": "Αποθήκευση",
        "SelectAll": "Επιλογή όλων",
        "UnSelectAll": "Αποεπιλογή όλων",
        "File": "Αρχείο",
        "Back": "Πίσω",
        "Size": "Μέγεθος",
        "Perms": "Άδειες",
        "Modified": "Τροποποιημένο",
        "Owner": "Ιδιοκτήτης",
        "Search": "Αναζήτηση",
        "NewItem": "Νέο Αντικείμενο",
        "Folder": "Φάκελος",
        "Delete": "Διαγραφή",
        "Rename": "Μετονομασία",
        "CopyTo": "Αντιγραφή σε",
        "DirectLink": "Direct Link",
        "UploadingFiles": "Ανέβασμα αρχείων",
        "ChangePermissions": "Αλλαγή αδειών",
        "Copying": "Αντιγραφή σε εξέλιξη",
        "CreateNewItem": "Δημιουργία νέου αντικειμένου",
        "Name": "Όνομα",
        "AdvancedEditor": "Editor για προχωρημένους",
        "RememberMe": "Θυμήσου με",
        "Actions": "Ενέργειες",
        "Upload": "Ανέβασμα",
        "Cancel": "Ακύρωση",
        "InvertSelection": "Αναίρεση επιλογής",
        "DestinationFolder": "Φάκελος προορισμού",
        "ItemType": "Τύπος αντικειμένου",
        "ItemName": "Όνομα αντικειμένου",
        "CreateNow": "Δημιούργησε τώρα",
        "Download": "Download",
        "Open": "Άνοιξε",
        "UnZip": "Αποσυμπίεση",
        "UnZipToFolder": "Αποσυμπίεση σε φάκελο",
        "Edit": "Επεξεργασία",
        "NormalEditor": "Βασικός editor",
        "BackUp": "Back-Up",
        "SourceFolder": "Πηγή",
        "Files": "Αρχεία",
        "Change": "Τροποποίησε",
        "Settings": "Ρυθμίσεις",
        "Language": "Γλώσσα",
        "MemoryUsed": "Η μνήμη χρησιμοποιείται",
        "PartitionSize": "Μέγεθος partition"
      }
    },
    {
      "name": "Português",
      "code": "pt",
      "translation": {
        "AppName": "Gerenciador de arquivos Tiny",
        "AppTitle": "Gerenciador de arquivos",
        "Login": "Iniciar Sessão",
        "Username": "Nome de usuário",
        "Password": "Senha",
        "Logout": "Sair",
        "Move": "Mover",
        "Copy": "Copiar",
        "Save": "Salvar",
        "SelectAll": "Selecionar tudo",
        "UnSelectAll": "Desmarcar tudo",
        "File": "Arquivo",
        "Back": "Voltar",
        "Size": "Tamanho",
        "Perms": "Permissões",
        "Modified": "Modificado",
        "Owner": "Proprietário",
        "Search": "Buscar",
        "NewItem": "Novo Item",
        "Folder": "Pasta",
        "Delete": "Excluir",
        "Rename": "Renomear",
        "CopyTo": "Copiar em",
        "DirectLink": "Link direto",
        "UploadingFiles": "Upload de arquivos",
        "ChangePermissions": "Alterar permissões",
        "Copying": "Copiando",
        "CreateNewItem": "Criar novo item",
        "Name": "Nome",
        "AdvancedEditor": "Editor Avançado",
        "RememberMe": "Lembra de mim",
        "Actions": "Ações",
        "Upload": "Upload",
        "Cancel": "Cancelar",
        "InvertSelection": "Seleção reversa",
        "DestinationFolder": "Pasta de destino",
        "ItemType": "Tipo de Item",
        "ItemName": "Nome do item",
        "CreateNow": "Criar",
        "Download": "Baixar",
        "Open": "Abrir",
        "UnZip": "Descompactar os arquivos",
        "UnZipToFolder": "Descompactar na pasta",
        "Edit": "Editar",
        "NormalEditor": "Editor Normal",
        "BackUp": "Copia de segurança",
        "SourceFolder": "Pasta atual",
        "Files": "Arquivos",
        "Change": "Alterar",
        "Settings": "Preferências",
        "Language": "Idioma"
      }
    },
    {
      "name": "Polski",
      "code": "pl",
      "translation": {
        "AppName": "Tiny File Manager",
        "AppTitle": "Menedżer plików",
        "Login": "Login",
        "Username": "Nazwa Użytkownika",
        "Password": "Hasło",
        "Logout": "Wyloguj",
        "Move": "Przenieś",
        "Copy": "Kopiuj",
        "Save": "Zapisz",
        "SelectAll": "Zaznacz wszystko",
        "UnSelectAll": "Odznacz wszystko",
        "File": "Plik",
        "Back": "Cofnij",
        "Size": "Rozmiar",
        "Perms": "Uprawnienia",
        "Modified": "Zmodyfikowano",
        "Owner": "Właściciel",
        "Search": "Szukaj",
        "NewItem": "Nowy plik",
        "Folder": "Folder",
        "Delete": "Usuń",
        "Rename": "Zmień nazwę",
        "CopyTo": "Kopiuj do",
        "DirectLink": "Link bezpośredni",
        "UploadingFiles": "Wysyłanie plików",
        "ChangePermissions": "Zmień uprawnienia",
        "Copying": "Kopiowanie",
        "CreateNewItem": "Utwórz nowy plik",
        "Name": "Nazwa",
        "AdvancedEditor": "Zaawansowany edytor",
        "RememberMe": "Pamiętaj mnie",
        "Actions": "Akcje",
        "Upload": "Wyślij",
        "Cancel": "Anuluj",
        "InvertSelection": "Odwróć zaznaczenie",
        "DestinationFolder": "Folder docelowy",
        "ItemType": "Typ pliku",
        "ItemName": "Nazwa pliku",
        "CreateNow": "Utwórz nowy",
        "Download": "Pobierz",
        "Open": "Otwórz",
        "UnZip": "Rozpakuj",
        "UnZipToFolder": "Rozpakuj do",
        "Edit": "Edytuj",
        "NormalEditor": "Edytuj normalnie",
        "BackUp": "Kopia zapasowa",
        "SourceFolder": "Folder źródłowy",
        "Files": "Pliki",
        "Change": "Zmień",
        "Settings": "Ustawienia",
        "Language": "Język"
      }
    },
    {
      "name": "Việt Nam",
      "code": "vi",
      "translation": {
        "AppName": "Trình quản lí tệp Tiny",
        "AppTitle": "Trình quản lí",
        "Login": "Đăng nhập",
        "Username": "Tên đăng nhập",
        "Password": "Mật khẩu",
        "Logout": "Đăng xuất",
        "Move": "Di chuyển",
        "Copy": "Sao chép",
        "Save": "Lưu",
        "SelectAll": "Chọn tất cả",
        "UnSelectAll": "Hủy chọn tất cả",
        "File": "Tệp tin",
        "Back": "Trở lại",
        "Size": "Kích cỡ",
        "Perms": "Quyền",
        "Modified": "Sửa đổi",
        "Owner": "Sở hữu",
        "Search": "Tìm kiếm",
        "NewItem": "Tạo mới",
        "Folder": "Thư mục",
        "Delete": "Xóa",
        "Rename": "Đổi tên",
        "CopyTo": "Sao chép đến",
        "DirectLink": "Đường dẫn URL",
        "UploadingFiles": "Tải lên file",
        "ChangePermissions": "Thay đổi quyền",
        "Copying": "Đang sao chép",
        "CreateNewItem": "Tạo mới",
        "Name": "Tên",
        "AdvancedEditor": "Chỉnh sửa nâng cao",
        "RememberMe": "Ghi nhớ đăng nhập",
        "Actions": "Hành động",
        "Upload": "Tải lên",
        "Cancel": "Hủy",
        "InvertSelection": "Lừa chọn đảo ngươc",
        "DestinationFolder": "Thư mục đích",
        "ItemType": "Kiểu",
        "ItemName": "Tên tệp",
        "CreateNow": "Tạo",
        "Download": "Tải xuống",
        "Open": "Mở",
        "UnZip": "Giải nén",
        "UnZipToFolder": "Giải nén đến thư mục",
        "Edit": "Sửa",
        "NormalEditor": "Chỉnh sửa",
        "BackUp": "Back up",
        "SourceFolder": "Thư mục",
        "Files": "Tệp tin",
        "Change": "Thay đổi",
        "Settings": "Cài đặt",
        "Language": "Ngôn ngữ",
        "PartitionSize": "Kích thước"
      }
    },
    {
      "name": "Hebrew",
      "code": "he",
      "translation": {
        "AppName": "סייר קבצים - טיני",
        "AppTitle": "סייר קבצים",
        "Login": "התחבר",
        "Username": "שם משתמש",
        "Password": "סיסמה",
        "Logout": "התנתק",
        "Move": "העבר",
        "Copy": "העתק",
        "Save": "שמור",
        "SelectAll": "בחר הכל",
        "UnSelectAll": "בטל בחירה מהכל",
        "File": "קובץ",
        "Back": "חזור",
        "Size": "גודל",
        "Perms": "הרשאות",
        "Modified": "עודכן בתאריך",
        "Owner": "בעלים",
        "Search": "חיפוש",
        "NewItem": "חדש",
        "Folder": "תיקייה",
        "Delete": "מחק",
        "Rename": "שנה שם",
        "CopyTo": "העתק ל",
        "DirectLink": "קישור ישיר",
        "UploadingFiles": "מעלה קבצים",
        "ChangePermissions": "שנה הרשאות",
        "Copying": "העותק",
        "CreateNewItem": "צור פריט חדש",
        "Name": "שם",
        "AdvancedEditor": "עורך מתקדם",
        "RememberMe": "זכור אותי",
        "Actions": "פעולות",
        "Upload": "העלה",
        "Cancel": "ביטול",
        "InvertSelection": "הפוך את הבחירה",
        "DestinationFolder": "תיקיית יעד",
        "ItemType": "סוג פריט",
        "ItemName": "שם הפריט",
        "CreateNow": "צור עכשיו",
        "Download": "הורד",
        "Open": "פתח",
        "UnZip": "חילוץ",
        "UnZipToFolder": "חלץ לתיקייה",
        "Edit": "ערוך",
        "NormalEditor": "עורך רגיל",
        "BackUp": "גיבוי",
        "SourceFolder": "תקיית מקור",
        "Files": "קבצים",
        "Change": "שנה",
        "Settings": "הגדרות",
        "Language": "שפה",
        "MemoryUsed": "זיכרון בשימוש",
        "PartitionSize": "גודל מחיצה"
      }
    },
	{
      "name": "العربية",
      "code": "Ar",
      "translation": {
        "AppName": "مدير الملفات الصغير",
        "AppTitle": "مدير الملفات",
        "Login": "دخول",
        "Username": "اسم المستخدم",
        "Password": "كلمة المرور",
        "Logout": "خروج",
        "Move": "نقل",
        "Copy": "نسخ",
        "Save": "حفظ",
        "SelectAll": "تحديد الكل",
        "UnSelectAll": "الغاء تحديد الكل",
        "File": "ملف",
        "Back": "رجوع",
        "Size": "حجم",
        "Perms": "صلاحيات",
        "Modified": "عدل بـ",
        "Owner": "المالك",
        "Search":"بحث",
        "NewItem": "عنصر جديد",
        "Folder": "مجلد",
        "Delete": "حذف",
        "Rename": "تسمية",
        "CopyTo": "نسخ الى",
        "DirectLink": "رابط مباشر",
        "UploadingFiles": "رفع ملفات",
        "ChangePermissions": "تغيير الصلاحيات",
        "Copying": "جاري النسخ",
        "CreateNewItem": "انشاء عنصر جديد",
        "Name": "اسم",
        "AdvancedEditor": "محرر متقدم",
        "RememberMe": "تذكرني",
        "Actions": "عمليات",
        "Upload": "رفع",
        "Cancel": "الغاء",
        "InvertSelection": "عكس التحديد",
        "DestinationFolder": "مجلد",
        "ItemType": "نوع العنصر",
        "ItemName": "اسم العنصر",
        "CreateNow": "انشأ الآن",
        "Download": "تحميل",
        "Open": "فتح",
        "UnZip": "فك الضغط",
        "UnZipToFolder": "فك الصغط لملف",
        "Edit": "نحرير",
        "NormalEditor": "محرر عادي",
        "BackUp": "نسخة احتياطية",
        "SourceFolder": "مجلد المصدر",
        "Files": "ملفات",
        "Change": "تغيير",
        "Settings": "اعدادات",
        "Language": "لغة",
        "MemoryUsed": "الذاكرة المستخدمة",
        "PartitionSize": "حجم القسم",
		
        "Free of": "مساحة فارغة من ",
        "Preview": "عرض",
        "Full size": "الحجم الكلي",
		
        "ErrorReporting": "التبليغ باخطاء",
        "ShowHiddenFiles": "اظهار الملفات المخفية",
        "Help": "مساعدة"
      }
    }
  ]
}
