{
    "key": "group_5cfd22ed57d5c",
    "title": "Panda PRO 主题 专题汇总",
    "fields": [
        {
            "key": "field_5cfdbe9e2f706",
            "label": "显示专题",
            "name": "topics",
            "type": "repeater",
            "instructions": "",
            "required": 1,
            "conditional_logic": 0,
            "wrapper": {
                "width": "",
                "class": "",
                "id": ""
            },
            "collapsed": "",
            "min": 1,
            "max": 0,
            "layout": "table",
            "button_label": "添加专题",
            "sub_fields": [
                {
                    "key": "field_5cfdbeae2f707",
                    "label": "专题",
                    "name": "topic",
                    "type": "taxonomy",
                    "instructions": "",
                    "required": 1,
                    "conditional_logic": 0,
                    "wrapper": {
                        "width": "",
                        "class": "",
                        "id": ""
                    },
                    "taxonomy": "special",
                    "field_type": "select",
                    "allow_null": 0,
                    "add_term": 0,
                    "save_terms": 0,
                    "load_terms": 0,
                    "return_format": "id",
                    "multiple": 0
                }
            ]
        }
    ],
    "location": [
        [
            {
                "param": "page_template",
                "operator": "==",
                "value": "pages\/page-topics.php"
            }
        ]
    ],
    "menu_order": 0,
    "position": "normal",
    "style": "default",
    "label_placement": "top",
    "instruction_placement": "label",
    "hide_on_screen": "",
    "active": 1,
    "description": "",
    "config_save_path": "themes\/PandaPRO\/conf",
    "modified": 1565674449
}