{
    "key": "group_5cfd2744bf6f0",
    "title": "Panda PRO 主题 友情链接",
    "fields": [
        {
            "key": "field_5cfd2744c2152",
            "label": "链接目录",
            "name": "link_cats",
            "type": "repeater",
            "instructions": "",
            "required": 0,
            "conditional_logic": 0,
            "wrapper": {
                "width": "",
                "class": "",
                "id": ""
            },
            "collapsed": "",
            "min": 0,
            "max": 0,
            "layout": "table",
            "button_label": "添加目录",
            "sub_fields": [
                {
                    "key": "field_5cfd2744c3035",
                    "label": "目录",
                    "name": "cat",
                    "type": "link_cat",
                    "instructions": "",
                    "required": 0,
                    "conditional_logic": 0,
                    "wrapper": {
                        "width": "",
                        "class": "",
                        "id": ""
                    },
                    "save_format": "id",
                    "allow_null": 0
                }
            ]
        }
    ],
    "location": [
        [
            {
                "param": "page_template",
                "operator": "==",
                "value": "pages\/page-links.php"
            }
        ]
    ],
    "menu_order": 0,
    "position": "normal",
    "style": "default",
    "label_placement": "top",
    "instruction_placement": "label",
    "hide_on_screen": "",
    "active": 1,
    "description": "",
    "config_save_path": "themes\/Panda PRO\/conf",
    "modified": 1560094657
}