{
    "key": "group_5cf8c91a869d7",
    "title": "Panda PRO 主题 每日快讯",
    "fields": [
        {
            "key": "field_5cf8c9328d873",
            "label": "标题",
            "name": "title",
            "type": "text",
            "instructions": "",
            "required": 1,
            "conditional_logic": 0,
            "wrapper": {
                "width": "",
                "class": "",
                "id": ""
            },
            "default_value": "每日快讯",
            "placeholder": "",
            "prepend": "",
            "append": "",
            "maxlength": ""
        },
        {
            "key": "field_5cf8c94b8d874",
            "label": "显示数量",
            "name": "num",
            "type": "number",
            "instructions": "",
            "required": 1,
            "conditional_logic": 0,
            "wrapper": {
                "width": "",
                "class": "",
                "id": ""
            },
            "default_value": "",
            "placeholder": "",
            "prepend": "",
            "append": "",
            "min": 1,
            "max": "",
            "step": ""
        },
        {
            "key": "field_5cf8c9768d875",
            "label": "显示分类",
            "name": "cat",
            "type": "taxonomy",
            "instructions": "",
            "required": 1,
            "conditional_logic": 0,
            "wrapper": {
                "width": "",
                "class": "",
                "id": ""
            },
            "taxonomy": "news-category",
            "field_type": "select",
            "allow_null": 0,
            "add_term": 0,
            "save_terms": 0,
            "load_terms": 0,
            "return_format": "id",
            "multiple": 0
        }
    ],
    "location": [
        [
            {
                "param": "widget",
                "operator": "==",
                "value": "daily_news"
            }
        ]
    ],
    "menu_order": 0,
    "position": "normal",
    "style": "default",
    "label_placement": "top",
    "instruction_placement": "label",
    "hide_on_screen": "",
    "active": 1,
    "description": "",
    "config_save_path": "themes\/PandaPRO\/conf",
    "modified": 1561216633
}