{
    "key": "group_5ddf2bf1a8b94",
    "title": "Panda PRO 主题 文章聚合",
    "fields": [
        {
            "key": "field_5ddf2bf1abde1",
            "label": "标题",
            "name": "title",
            "type": "text",
            "instructions": "",
            "required": 1,
            "conditional_logic": 0,
            "wrapper": {
                "width": "",
                "class": "",
                "id": ""
            },
            "default_value": "文章聚合",
            "placeholder": "",
            "prepend": "",
            "append": "",
            "maxlength": ""
        },
        {
            "key": "field_5ddf2bf1abdee",
            "label": "显示数量",
            "name": "num",
            "type": "number",
            "instructions": "",
            "required": 1,
            "conditional_logic": 0,
            "wrapper": {
                "width": "",
                "class": "",
                "id": ""
            },
            "default_value": "",
            "placeholder": "",
            "prepend": "",
            "append": "",
            "min": 1,
            "max": "",
            "step": 1
        },
        {
            "key": "field_5ddf2bf1abdf5",
            "label": "样式",
            "name": "style",
            "type": "select",
            "instructions": "",
            "required": 0,
            "conditional_logic": 0,
            "wrapper": {
                "width": "",
                "class": "",
                "id": ""
            },
            "choices": {
                "plain": "小图版式",
                "big": "大图版式"
            },
            "default_value": [],
            "allow_null": 0,
            "multiple": 0,
            "ui": 0,
            "return_format": "value",
            "ajax": 0,
            "placeholder": ""
        },
        {
            "key": "field_5ddf2bf1abdfa",
            "label": "显示类型",
            "name": "type",
            "type": "select",
            "instructions": "",
            "required": 0,
            "conditional_logic": 0,
            "wrapper": {
                "width": "",
                "class": "",
                "id": ""
            },
            "choices": {
                "new_posts": "最新文章",
                "related_posts": "相关文章",
                "random_posts": "随机文章",
                "comment_posts": "评论最多",
                "like_posts": "点赞最多",
                "views_posts": "浏览最多"
            },
            "default_value": [],
            "allow_null": 0,
            "multiple": 0,
            "ui": 0,
            "return_format": "value",
            "ajax": 0,
            "placeholder": ""
        },
        {
            "key": "field_5ddf2bf1abdff",
            "label": "限制时间",
            "name": "days",
            "type": "number",
            "instructions": "填入天数则仅显示近 XX 天文章，不填为不限制",
            "required": 0,
            "conditional_logic": 0,
            "wrapper": {
                "width": "",
                "class": "",
                "id": ""
            },
            "default_value": "",
            "placeholder": "",
            "prepend": "",
            "append": "",
            "min": "",
            "max": "",
            "step": ""
        },
        {
            "key": "field_5ddf2bf1abe08",
            "label": "限制分类",
            "name": "cats",
            "type": "taxonomy",
            "instructions": "不填为不限制",
            "required": 0,
            "conditional_logic": 0,
            "wrapper": {
                "width": "",
                "class": "",
                "id": ""
            },
            "taxonomy": "category",
            "field_type": "checkbox",
            "add_term": 0,
            "save_terms": 0,
            "load_terms": 0,
            "return_format": "id",
            "multiple": 0,
            "allow_null": 0
        }
    ],
    "location": [
        [
            {
                "param": "widget",
                "operator": "==",
                "value": "recommended_posts"
            }
        ]
    ],
    "menu_order": 0,
    "position": "normal",
    "style": "default",
    "label_placement": "top",
    "instruction_placement": "label",
    "hide_on_screen": "",
    "active": 1,
    "description": "",
    "config_save_path": "themes\/PandaPRO\/conf",
    "modified": 1574906871
}