{
    "key": "group_5c4c7507f4039",
    "title": "Panda PRO 主题",
    "fields": [
        {
            "key": "field_5c8dab331d69a",
            "label": "基础设置",
            "name": "",
            "type": "tab",
            "instructions": "",
            "required": 0,
            "conditional_logic": 0,
            "wrapper": {
                "width": "",
                "class": "",
                "id": ""
            },
            "placement": "top",
            "endpoint": 0
        },
        {
            "key": "field_5c8dab731d69c",
            "label": "网站 Logo",
            "name": "logo",
            "type": "image",
            "instructions": "适用于白色或浅色背景。上传网站的 Logo，Logo 文件建议为<code>png<\/code>格式，高度参考演示站效果",
            "required": 0,
            "conditional_logic": 0,
            "wrapper": {
                "width": "",
                "class": "",
                "id": ""
            },
            "return_format": "url",
            "preview_size": "thumbnail",
            "library": "all",
            "min_width": "",
            "min_height": "",
            "min_size": "",
            "max_width": "",
            "max_height": "",
            "max_size": "",
            "mime_types": ""
        },
        {
            "key": "field_5cf9ed34f54ad",
            "label": "网站 Logo (夜晚模式)",
            "name": "logo_dark",
            "type": "image",
            "instructions": "适用于夜晚模式。上传网站的 Logo，Logo 文件建议为<code>png<\/code>格式，高度参考演示站效果",
            "required": 0,
            "conditional_logic": 0,
            "wrapper": {
                "width": "",
                "class": "",
                "id": ""
            },
            "return_format": "url",
            "preview_size": "thumbnail",
            "library": "all",
            "min_width": "",
            "min_height": "",
            "min_size": "",
            "max_width": "",
            "max_height": "",
            "max_size": "",
            "mime_types": ""
        },
        {
            "key": "field_5c8dabb61d69e",
            "label": "评论默认头像",
            "name": "default_comment_avatar",
            "type": "image",
            "instructions": "上传网站默认缩略图，比例参考 <code>1 : 1<\/code>",
            "required": 0,
            "conditional_logic": 0,
            "wrapper": {
                "width": "",
                "class": "",
                "id": ""
            },
            "return_format": "url",
            "preview_size": "thumbnail",
            "library": "all",
            "min_width": "",
            "min_height": "",
            "min_size": "",
            "max_width": "",
            "max_height": "",
            "max_size": "",
            "mime_types": ""
        },
        {
            "key": "field_5d08cd0fdc91e",
            "label": "打赏二维码",
            "name": "default_donate_image",
            "type": "image",
            "instructions": "不填为不显示，比例参考 <code>1 : 1<\/code>",
            "required": 0,
            "conditional_logic": 0,
            "wrapper": {
                "width": "",
                "class": "",
                "id": ""
            },
            "return_format": "url",
            "preview_size": "thumbnail",
            "library": "all",
            "min_width": "",
            "min_height": "",
            "min_size": "",
            "max_width": "",
            "max_height": "",
            "max_size": "",
            "mime_types": ""
        },
        {
            "key": "field_5c79eaadac7f8",
            "label": "默认文章缩略图",
            "name": "default_thumbnail",
            "type": "image",
            "instructions": "文章缩略图在加载时或者文章中无图片时，列表中默认缩略图，比例参考 <code>3:2<\/code>",
            "required": 0,
            "conditional_logic": 0,
            "wrapper": {
                "width": "",
                "class": "",
                "id": ""
            },
            "return_format": "url",
            "preview_size": "thumbnail",
            "library": "all",
            "min_width": "",
            "min_height": "",
            "min_size": "",
            "max_width": "",
            "max_height": "",
            "max_size": "",
            "mime_types": ""
        },
        {
            "key": "field_5cfa7a17ef461",
            "label": "默认分类封面",
            "name": "default_cat_cover",
            "type": "image",
            "instructions": "未设置分类封面时显示，比例参考 <code>3:2<\/code>",
            "required": 0,
            "conditional_logic": 0,
            "wrapper": {
                "width": "",
                "class": "",
                "id": ""
            },
            "return_format": "url",
            "preview_size": "thumbnail",
            "library": "all",
            "min_width": "",
            "min_height": "",
            "min_size": "",
            "max_width": "",
            "max_height": "",
            "max_size": "",
            "mime_types": ""
        },
        {
            "key": "field_5d07ab418fb80",
            "label": "默认作者页封面",
            "name": "default_author_cover",
            "type": "image",
            "instructions": "显示于作者页顶部，比例参考 <code>5:1<\/code>",
            "required": 0,
            "conditional_logic": 0,
            "wrapper": {
                "width": "",
                "class": "",
                "id": ""
            },
            "return_format": "url",
            "preview_size": "thumbnail",
            "library": "all",
            "min_width": "",
            "min_height": "",
            "min_size": "",
            "max_width": "",
            "max_height": "",
            "max_size": "",
            "mime_types": ""
        },
        {
            "key": "field_5c4d61b9489c5",
            "label": "布局设置",
            "name": "",
            "type": "tab",
            "instructions": "",
            "required": 0,
            "conditional_logic": 0,
            "wrapper": {
                "width": "",
                "class": "",
                "id": ""
            },
            "placement": "top",
            "endpoint": 0
        },
        {
            "key": "field_5d125bd13e79e",
            "label": "首页顶部推荐区",
            "name": "index_featured_switch",
            "type": "button_group",
            "instructions": "默认关闭",
            "required": 1,
            "conditional_logic": 0,
            "wrapper": {
                "width": "",
                "class": "",
                "id": ""
            },
            "choices": [
                "关闭",
                "开启"
            ],
            "allow_null": 0,
            "default_value": 0,
            "layout": "horizontal",
            "return_format": "value"
        },
        {
            "key": "field_5c5afa7ba7296",
            "label": "推荐区的样式",
            "name": "index_featured",
            "type": "image_select",
            "instructions": "",
            "required": 1,
            "conditional_logic": [
                [
                    {
                        "field": "field_5d125bd13e79e",
                        "operator": "==",
                        "value": "1"
                    }
                ]
            ],
            "wrapper": {
                "width": "",
                "class": "",
                "id": ""
            },
            "choices": {
                "banner-style-1": "样式一",
                "banner-style-2": "样式二",
                "banner-style-3": "样式三"
            },
            "default_value": "banner-style-1",
            "multiple": 0,
            "image_get_function": "pandapro_get_conf_set_image",
            "other_choice": 0,
            "save_other_choice": 0,
            "allow_null": 0,
            "return_format": "value"
        },
        {
            "key": "field_5ce95aff61d2d",
            "label": "推荐区的推送文章（样式一适用）",
            "name": "index_featured_posts",
            "type": "repeater",
            "instructions": "",
            "required": 0,
            "conditional_logic": [
                [
                    {
                        "field": "field_5d125bd13e79e",
                        "operator": "==",
                        "value": "1"
                    }
                ]
            ],
            "wrapper": {
                "width": "",
                "class": "",
                "id": ""
            },
            "collapsed": "",
            "min": 0,
            "max": 0,
            "layout": "table",
            "button_label": "添加文章",
            "sub_fields": [
                {
                    "key": "field_5cee63c7045b4",
                    "label": "文章",
                    "name": "post",
                    "type": "post_object",
                    "instructions": "",
                    "required": 0,
                    "conditional_logic": 0,
                    "wrapper": {
                        "width": "",
                        "class": "",
                        "id": ""
                    },
                    "post_type": [
                        "post"
                    ],
                    "taxonomy": "",
                    "allow_null": 0,
                    "multiple": 0,
                    "return_format": "id",
                    "ui": 1
                }
            ]
        },
        {
            "key": "field_5df1963be30b6",
            "label": "推荐区的幻灯片（样式二、三适用）",
            "name": "index_featured_slides",
            "type": "repeater",
            "instructions": "",
            "required": 0,
            "conditional_logic": [
                [
                    {
                        "field": "field_5d125bd13e79e",
                        "operator": "==",
                        "value": "1"
                    }
                ]
            ],
            "wrapper": {
                "width": "",
                "class": "",
                "id": ""
            },
            "collapsed": "",
            "min": 0,
            "max": 0,
            "layout": "table",
            "button_label": "添加幻灯片",
            "sub_fields": [
                {
                    "key": "field_5df19674e30b9",
                    "label": "图片",
                    "name": "image",
                    "type": "image",
                    "instructions": "",
                    "required": 1,
                    "conditional_logic": 0,
                    "wrapper": {
                        "width": "",
                        "class": "",
                        "id": ""
                    },
                    "return_format": "url",
                    "preview_size": "thumbnail",
                    "library": "all",
                    "min_width": "",
                    "min_height": "",
                    "min_size": "",
                    "max_width": "",
                    "max_height": "",
                    "max_size": "",
                    "mime_types": ""
                },
                {
                    "key": "field_5df1963be30b7",
                    "label": "链接",
                    "name": "link",
                    "type": "link",
                    "instructions": "",
                    "required": 0,
                    "conditional_logic": 0,
                    "wrapper": {
                        "width": "",
                        "class": "",
                        "id": ""
                    },
                    "return_format": "array"
                }
            ]
        },
        {
            "key": "field_5df645bfba609",
            "label": "文章列表全局设置",
            "name": "",
            "type": "accordion",
            "instructions": "",
            "required": 0,
            "conditional_logic": 0,
            "wrapper": {
                "width": "",
                "class": "",
                "id": ""
            },
            "open": 1,
            "multi_expand": 0,
            "endpoint": 0
        },
        {
            "key": "field_5d348a3b9a99d",
            "label": "首页最新文章不显示的分类",
            "name": "masking_cats",
            "type": "taxonomy",
            "instructions": "",
            "required": 0,
            "conditional_logic": 0,
            "wrapper": {
                "width": "",
                "class": "",
                "id": ""
            },
            "taxonomy": "category",
            "field_type": "checkbox",
            "add_term": 0,
            "save_terms": 0,
            "load_terms": 0,
            "return_format": "id",
            "multiple": 0,
            "allow_null": 0
        },
        {
            "key": "field_5cf773810b87e",
            "label": "列表中文章 Meta 参数设置",
            "name": "meta_layout",
            "type": "radio",
            "instructions": "",
            "required": 1,
            "conditional_logic": 0,
            "wrapper": {
                "width": "",
                "class": "",
                "id": ""
            },
            "choices": {
                "time": "发布时间",
                "view": "访问量",
                "like": "点赞数",
                "comment": "评论数",
                "closed": "关闭"
            },
            "allow_null": 0,
            "other_choice": 0,
            "default_value": "time",
            "layout": "horizontal",
            "return_format": "value",
            "save_other_choice": 0
        },
        {
            "key": "field_5c4d254e0ab02",
            "label": "列表中文章缩略图处理方式",
            "name": "thumbnail_handle",
            "type": "radio",
            "instructions": "缩略图比例<code>3:2<\/code>，文章列表中的缩略图，如果你需要使用第三方图片缓存加速技术（阿里云 OSS、又拍云、七牛等），请请配合相关的云存储插件，否则无效。",
            "required": 0,
            "conditional_logic": 0,
            "wrapper": {
                "width": "",
                "class": "",
                "id": ""
            },
            "choices": {
                "original": "输出原图",
                "timthumb_php": "timthumb居中裁切",
                "qiniu": "七牛图像裁切",
                "upyun": "又拍图像裁切",
                "aliyunoss": "阿里云 OSS 裁切"
            },
            "allow_null": 0,
            "other_choice": 0,
            "default_value": "original",
            "layout": "horizontal",
            "return_format": "value",
            "save_other_choice": 0
        },
        {
            "key": "field_5c4d25cd28f77",
            "label": "分隔符",
            "name": "thumbnail_handle_qiniu_sep",
            "type": "text",
            "instructions": "<b style=\"color:red\">请配合相关插件使用<\/b>，并且设置分隔符。七牛图片样式处理分隔符，教程：https:\/\/developer.qiniu.com\/kodo\/kb\/1327\/what-is-the-style-and-the-style-separators",
            "required": 0,
            "conditional_logic": [
                [
                    {
                        "field": "field_5c4d254e0ab02",
                        "operator": "==",
                        "value": "qiniu"
                    }
                ]
            ],
            "wrapper": {
                "width": "",
                "class": "",
                "id": ""
            },
            "default_value": "",
            "placeholder": "",
            "prepend": "",
            "append": "",
            "maxlength": ""
        },
        {
            "key": "field_5c4d260428f78",
            "label": "分隔符",
            "name": "thumbnail_handle_upyun_sep",
            "type": "text",
            "instructions": "<b style=\"color:red\">请配合相关插件使用<\/b>，并且设置分隔符。又拍云图片样式处理分隔符，教程：http:\/\/docs.upyun.com\/cloud\/image\/",
            "required": 0,
            "conditional_logic": [
                [
                    {
                        "field": "field_5c4d254e0ab02",
                        "operator": "==",
                        "value": "upyun"
                    }
                ]
            ],
            "wrapper": {
                "width": "",
                "class": "",
                "id": ""
            },
            "default_value": "",
            "placeholder": "",
            "prepend": "",
            "append": "",
            "maxlength": ""
        },
        {
            "key": "field_5c4d263a28f79",
            "label": "分隔符",
            "name": "thumbnail_handle_aliyunoss_sep",
            "type": "text",
            "instructions": "<b style=\"color:red\">请配合相关插件使用<\/b>，并且设置分隔符。阿里云 OSS 图片样式处理分隔符，教程：https:\/\/help.aliyun.com\/document_detail\/48884.html?spm=a2c4g.11186623.6.1148.75f15b80Q56qLO",
            "required": 0,
            "conditional_logic": [
                [
                    {
                        "field": "field_5c4d254e0ab02",
                        "operator": "==",
                        "value": "aliyunoss"
                    }
                ]
            ],
            "wrapper": {
                "width": "",
                "class": "",
                "id": ""
            },
            "default_value": "",
            "placeholder": "",
            "prepend": "",
            "append": "",
            "maxlength": ""
        },
        {
            "key": "field_5df647374e56f",
            "label": "文章列表全局设置 (关闭)",
            "name": "",
            "type": "accordion",
            "instructions": "",
            "required": 0,
            "conditional_logic": 0,
            "wrapper": {
                "width": "",
                "class": "",
                "id": ""
            },
            "open": 0,
            "multi_expand": 0,
            "endpoint": 1
        },
        {
            "key": "field_5c6124a29c1b1",
            "label": "动态加载",
            "name": "",
            "type": "tab",
            "instructions": "",
            "required": 0,
            "conditional_logic": 0,
            "wrapper": {
                "width": "",
                "class": "",
                "id": ""
            },
            "placement": "top",
            "endpoint": 0
        },
        {
            "key": "field_5c6124eb9c1b3",
            "label": "首页 AJAX 加载",
            "name": "index_ajax_loading",
            "type": "button_group",
            "instructions": "开启后首页将使用 AJAX 加载文章列表",
            "required": 0,
            "conditional_logic": 0,
            "wrapper": {
                "width": "",
                "class": "",
                "id": ""
            },
            "choices": [
                "关闭",
                "开启"
            ],
            "allow_null": 0,
            "default_value": 0,
            "layout": "horizontal",
            "return_format": "value"
        },
        {
            "key": "field_5cfc6d93e0410",
            "label": "首页自定义分类 TAB",
            "name": "index_tab",
            "type": "group",
            "instructions": "",
            "required": 0,
            "conditional_logic": [
                [
                    {
                        "field": "field_5c6124eb9c1b3",
                        "operator": "==",
                        "value": "1"
                    }
                ]
            ],
            "wrapper": {
                "width": "",
                "class": "",
                "id": ""
            },
            "layout": "block",
            "sub_fields": [
                {
                    "key": "field_5cfc6dece0411",
                    "label": "最新 TAB 显示名称",
                    "name": "display_name",
                    "type": "text",
                    "instructions": "",
                    "required": 1,
                    "conditional_logic": 0,
                    "wrapper": {
                        "width": "",
                        "class": "",
                        "id": ""
                    },
                    "default_value": "推荐",
                    "placeholder": "",
                    "prepend": "",
                    "append": "",
                    "maxlength": ""
                },
                {
                    "key": "field_5cfc6dffe0412",
                    "label": "TAB 列表",
                    "name": "list",
                    "type": "repeater",
                    "instructions": "",
                    "required": 0,
                    "conditional_logic": 0,
                    "wrapper": {
                        "width": "",
                        "class": "",
                        "id": ""
                    },
                    "collapsed": "",
                    "min": 0,
                    "max": 0,
                    "layout": "table",
                    "button_label": "",
                    "sub_fields": [
                        {
                            "key": "field_5cfc6e23e0413",
                            "label": "TAB 显示名称",
                            "name": "display_name",
                            "type": "text",
                            "instructions": "",
                            "required": 1,
                            "conditional_logic": 0,
                            "wrapper": {
                                "width": "",
                                "class": "",
                                "id": ""
                            },
                            "default_value": "",
                            "placeholder": "",
                            "prepend": "",
                            "append": "",
                            "maxlength": ""
                        },
                        {
                            "key": "field_5cfc6e33e0414",
                            "label": "选择分类",
                            "name": "cat",
                            "type": "taxonomy",
                            "instructions": "",
                            "required": 0,
                            "conditional_logic": 0,
                            "wrapper": {
                                "width": "",
                                "class": "",
                                "id": ""
                            },
                            "taxonomy": "category",
                            "field_type": "select",
                            "allow_null": 0,
                            "add_term": 0,
                            "save_terms": 0,
                            "load_terms": 0,
                            "return_format": "id",
                            "multiple": 0
                        }
                    ]
                }
            ]
        },
        {
            "key": "field_5c6124b19c1b2",
            "label": "归档页 AJAX 加载",
            "name": "archive_ajax_loading",
            "type": "button_group",
            "instructions": "开启后分类、标签、搜索将使用 AJAX 加载文章列表",
            "required": 0,
            "conditional_logic": 0,
            "wrapper": {
                "width": "",
                "class": "",
                "id": ""
            },
            "choices": [
                "关闭",
                "开启"
            ],
            "allow_null": 0,
            "default_value": 0,
            "layout": "horizontal",
            "return_format": "value"
        },
        {
            "key": "field_5df6456fba607",
            "label": "快讯模块",
            "name": "",
            "type": "tab",
            "instructions": "",
            "required": 0,
            "conditional_logic": 0,
            "wrapper": {
                "width": "",
                "class": "",
                "id": ""
            },
            "placement": "top",
            "endpoint": 0
        },
        {
            "key": "field_5d0e400e703c4",
            "label": "快讯分类别名",
            "name": "news_category_slug",
            "type": "text",
            "instructions": "默认为<code>newscat<\/code>。<b style=\"color:red\">请勿随意修改此项！<\/b>",
            "required": 0,
            "conditional_logic": 0,
            "wrapper": {
                "width": "",
                "class": "",
                "id": ""
            },
            "default_value": "newscat",
            "placeholder": "",
            "prepend": "",
            "append": "",
            "maxlength": ""
        },
        {
            "key": "field_5d563af365b83",
            "label": "快讯 URL 名称",
            "name": "news_slug",
            "type": "text",
            "instructions": "默认为<code>news<\/code>，链接格式为<code>\/news\/%news_id%<\/code> <b style=\"color:red\">建议仅在链接冲突时修改，请勿随意修改此项！<\/b>",
            "required": 0,
            "conditional_logic": 0,
            "wrapper": {
                "width": "",
                "class": "",
                "id": ""
            },
            "default_value": "news",
            "placeholder": "",
            "prepend": "",
            "append": "",
            "maxlength": ""
        },
        {
            "key": "field_5cfc67c34cbca",
            "label": "默认快讯分类封面",
            "name": "default_newscat_cover",
            "type": "image",
            "instructions": "未设置分类封面时显示，比例参考 <code>3:2<\/code>",
            "required": 0,
            "conditional_logic": 0,
            "wrapper": {
                "width": "",
                "class": "",
                "id": ""
            },
            "return_format": "url",
            "preview_size": "thumbnail",
            "library": "all",
            "min_width": "",
            "min_height": "",
            "min_size": "",
            "max_width": "",
            "max_height": "",
            "max_size": "",
            "mime_types": ""
        },
        {
            "key": "field_5c4d25380ab01",
            "label": "拓展设置",
            "name": "",
            "type": "tab",
            "instructions": "",
            "required": 0,
            "conditional_logic": 0,
            "wrapper": {
                "width": "",
                "class": "",
                "id": ""
            },
            "placement": "top",
            "endpoint": 0
        },
        {
            "key": "field_5cfa077edb745",
            "label": "夜晚模式",
            "name": "dark_mode",
            "type": "button_group",
            "instructions": "",
            "required": 0,
            "conditional_logic": 0,
            "wrapper": {
                "width": "",
                "class": "",
                "id": ""
            },
            "choices": [
                "关闭",
                "开启"
            ],
            "allow_null": 0,
            "default_value": 1,
            "layout": "horizontal",
            "return_format": "value"
        },
        {
            "key": "field_5cfa0795db746",
            "label": "夜晚模式选项",
            "name": "dark_mode_detail",
            "type": "group",
            "instructions": "",
            "required": 0,
            "conditional_logic": [
                [
                    {
                        "field": "field_5cfa077edb745",
                        "operator": "==",
                        "value": "1"
                    }
                ]
            ],
            "wrapper": {
                "width": "",
                "class": "",
                "id": ""
            },
            "layout": "block",
            "sub_fields": [
                {
                    "key": "field_5cfa091ad38ef",
                    "label": "允许前端切换",
                    "name": "frontend",
                    "type": "button_group",
                    "instructions": "",
                    "required": 0,
                    "conditional_logic": 0,
                    "wrapper": {
                        "width": "",
                        "class": "",
                        "id": ""
                    },
                    "choices": [
                        "关闭",
                        "开启"
                    ],
                    "allow_null": 0,
                    "default_value": 1,
                    "layout": "horizontal",
                    "return_format": "value"
                },
                {
                    "key": "field_5cfa0932d38f0",
                    "label": "默认模式",
                    "name": "default",
                    "type": "button_group",
                    "instructions": "",
                    "required": 0,
                    "conditional_logic": [
                        [
                            {
                                "field": "field_5cfa091ad38ef",
                                "operator": "==",
                                "value": "1"
                            }
                        ]
                    ],
                    "wrapper": {
                        "width": "",
                        "class": "",
                        "id": ""
                    },
                    "choices": [
                        "白天",
                        "夜晚"
                    ],
                    "allow_null": 0,
                    "default_value": 1,
                    "layout": "horizontal",
                    "return_format": "value"
                }
            ]
        },
        {
            "key": "field_5c61518d8b1a3",
            "label": "面包屑",
            "name": "breadcrumbs",
            "type": "button_group",
            "instructions": "显示在文章分类、文章页、页面等页面导航栏下方",
            "required": 0,
            "conditional_logic": 0,
            "wrapper": {
                "width": "",
                "class": "",
                "id": ""
            },
            "choices": [
                "关闭",
                "开启"
            ],
            "allow_null": 0,
            "default_value": 1,
            "layout": "horizontal",
            "return_format": "value"
        },
        {
            "key": "field_5c62fc067593f",
            "label": "文章分享渠道",
            "name": "share_channel",
            "type": "radio",
            "instructions": "显示在文章结尾，集成微博、微信、QQ、Facebook、Twitter 等多种分享渠道。",
            "required": 0,
            "conditional_logic": 0,
            "wrapper": {
                "width": "",
                "class": "",
                "id": ""
            },
            "choices": {
                "all": "全部",
                "domestic": "仅国内",
                "abroad": "仅国外",
                "closed": "关闭"
            },
            "allow_null": 0,
            "other_choice": 0,
            "default_value": "domestic",
            "layout": "horizontal",
            "return_format": "value",
            "save_other_choice": 0
        },
        {
            "key": "field_5c8f31f0794bc",
            "label": "文章页时间格式",
            "name": "timestamp_type",
            "type": "button_group",
            "instructions": "",
            "required": 0,
            "conditional_logic": 0,
            "wrapper": {
                "width": "",
                "class": "",
                "id": ""
            },
            "choices": {
                "ago": "默认（天前）",
                "eng": "英文习惯（F j, Y）",
                "sec": "精确到秒级"
            },
            "allow_null": 0,
            "default_value": "ago",
            "layout": "horizontal",
            "return_format": "value"
        },
        {
            "key": "field_5ce2aeaea06e8",
            "label": "相关推荐",
            "name": "related_posts",
            "type": "button_group",
            "instructions": "位于文章中",
            "required": 0,
            "conditional_logic": 0,
            "wrapper": {
                "width": "",
                "class": "",
                "id": ""
            },
            "choices": [
                "关闭",
                "开启"
            ],
            "allow_null": 0,
            "default_value": 1,
            "layout": "horizontal",
            "return_format": "value"
        },
        {
            "key": "field_5d08ecc56b66a",
            "label": "相关推荐文章数量",
            "name": "related_posts_number",
            "type": "number",
            "instructions": "<font color=\"red\">缓存告知：该设置项每小时更新一次。<\/font>",
            "required": 1,
            "conditional_logic": [
                [
                    {
                        "field": "field_5ce2aeaea06e8",
                        "operator": "==",
                        "value": "1"
                    }
                ]
            ],
            "wrapper": {
                "width": "",
                "class": "",
                "id": ""
            },
            "default_value": 5,
            "placeholder": "",
            "prepend": "",
            "append": "",
            "min": 1,
            "max": "",
            "step": 1
        },
        {
            "key": "field_5c5aefbc8ff84",
            "label": "广告设置",
            "name": "",
            "type": "tab",
            "instructions": "",
            "required": 0,
            "conditional_logic": 0,
            "wrapper": {
                "width": "",
                "class": "",
                "id": ""
            },
            "placement": "top",
            "endpoint": 0
        },
        {
            "key": "field_5c5aefc78ff85",
            "label": "首页长幅广告",
            "name": "index_ad",
            "type": "group",
            "instructions": "",
            "required": 0,
            "conditional_logic": 0,
            "wrapper": {
                "width": "",
                "class": "",
                "id": ""
            },
            "layout": "row",
            "sub_fields": [
                {
                    "key": "field_5c5aeff78ff86",
                    "label": "广告类型",
                    "name": "type",
                    "type": "button_group",
                    "instructions": "",
                    "required": 0,
                    "conditional_logic": 0,
                    "wrapper": {
                        "width": "",
                        "class": "",
                        "id": ""
                    },
                    "choices": {
                        "code": "广告代码",
                        "image": "图像广告",
                        "closed": "关闭"
                    },
                    "allow_null": 0,
                    "default_value": "closed",
                    "layout": "",
                    "return_format": ""
                },
                {
                    "key": "field_5c98f501524cb",
                    "label": "广告代码（PC 端）",
                    "name": "code_pc",
                    "type": "textarea",
                    "instructions": "",
                    "required": 0,
                    "conditional_logic": [
                        [
                            {
                                "field": "field_5c5aeff78ff86",
                                "operator": "==",
                                "value": "code"
                            }
                        ]
                    ],
                    "wrapper": {
                        "width": "",
                        "class": "",
                        "id": ""
                    },
                    "default_value": "",
                    "placeholder": "",
                    "maxlength": "",
                    "rows": "",
                    "new_lines": ""
                },
                {
                    "key": "field_5c98f379418fa",
                    "label": "广告代码（手机端）",
                    "name": "code_mobile",
                    "type": "textarea",
                    "instructions": "",
                    "required": 0,
                    "conditional_logic": [
                        [
                            {
                                "field": "field_5c5aeff78ff86",
                                "operator": "==",
                                "value": "code"
                            }
                        ]
                    ],
                    "wrapper": {
                        "width": "",
                        "class": "",
                        "id": ""
                    },
                    "default_value": "",
                    "placeholder": "",
                    "maxlength": "",
                    "rows": "",
                    "new_lines": ""
                },
                {
                    "key": "field_5c5af03f8ff88",
                    "label": "广告链接",
                    "name": "link",
                    "type": "text",
                    "instructions": "",
                    "required": 0,
                    "conditional_logic": [
                        [
                            {
                                "field": "field_5c5aeff78ff86",
                                "operator": "==",
                                "value": "image"
                            }
                        ]
                    ],
                    "wrapper": {
                        "width": "",
                        "class": "",
                        "id": ""
                    },
                    "default_value": "",
                    "placeholder": "",
                    "prepend": "",
                    "append": "",
                    "maxlength": ""
                },
                {
                    "key": "field_5c5af04f8ff89",
                    "label": "广告图片（PC 端）",
                    "name": "image_pc",
                    "type": "image",
                    "instructions": "",
                    "required": 0,
                    "conditional_logic": [
                        [
                            {
                                "field": "field_5c5aeff78ff86",
                                "operator": "==",
                                "value": "image"
                            }
                        ]
                    ],
                    "wrapper": {
                        "width": "",
                        "class": "",
                        "id": ""
                    },
                    "return_format": "id",
                    "preview_size": "thumbnail",
                    "library": "all",
                    "min_width": "",
                    "min_height": "",
                    "min_size": "",
                    "max_width": "",
                    "max_height": "",
                    "max_size": "",
                    "mime_types": ""
                },
                {
                    "key": "field_5c98f354418f9",
                    "label": "广告图片（手机端）",
                    "name": "image_mobile",
                    "type": "image",
                    "instructions": "",
                    "required": 0,
                    "conditional_logic": [
                        [
                            {
                                "field": "field_5c5aeff78ff86",
                                "operator": "==",
                                "value": "image"
                            }
                        ]
                    ],
                    "wrapper": {
                        "width": "",
                        "class": "",
                        "id": ""
                    },
                    "return_format": "id",
                    "preview_size": "thumbnail",
                    "library": "all",
                    "min_width": "",
                    "min_height": "",
                    "min_size": "",
                    "max_width": "",
                    "max_height": "",
                    "max_size": "",
                    "mime_types": ""
                }
            ]
        },
        {
            "key": "field_5c5b808d0b157",
            "label": "文章页广告",
            "name": "single_ad",
            "type": "group",
            "instructions": "",
            "required": 0,
            "conditional_logic": 0,
            "wrapper": {
                "width": "",
                "class": "",
                "id": ""
            },
            "layout": "row",
            "sub_fields": [
                {
                    "key": "field_5c5b808e0b158",
                    "label": "广告类型",
                    "name": "type",
                    "type": "button_group",
                    "instructions": "",
                    "required": 0,
                    "conditional_logic": 0,
                    "wrapper": {
                        "width": "",
                        "class": "",
                        "id": ""
                    },
                    "choices": {
                        "code": "广告代码",
                        "image": "图像广告",
                        "closed": "关闭"
                    },
                    "allow_null": 0,
                    "default_value": "closed",
                    "layout": "horizontal",
                    "return_format": "value"
                },
                {
                    "key": "field_5c5b808e0b15a",
                    "label": "广告链接",
                    "name": "link",
                    "type": "text",
                    "instructions": "",
                    "required": 0,
                    "conditional_logic": [
                        [
                            {
                                "field": "field_5c5b808e0b158",
                                "operator": "==",
                                "value": "image"
                            }
                        ]
                    ],
                    "wrapper": {
                        "width": "",
                        "class": "",
                        "id": ""
                    },
                    "default_value": "",
                    "placeholder": "",
                    "prepend": "",
                    "append": "",
                    "maxlength": ""
                },
                {
                    "key": "field_5c5af0158ff87",
                    "label": "广告代码（PC 端）",
                    "name": "code_pc",
                    "type": "textarea",
                    "instructions": "",
                    "required": 0,
                    "conditional_logic": [
                        [
                            {
                                "field": "field_5c5b808e0b158",
                                "operator": "==",
                                "value": "code"
                            }
                        ]
                    ],
                    "wrapper": {
                        "width": "",
                        "class": "",
                        "id": ""
                    },
                    "default_value": "",
                    "placeholder": "",
                    "maxlength": "",
                    "rows": "",
                    "new_lines": ""
                },
                {
                    "key": "field_5c5b808e0b159",
                    "label": "广告代码（手机端）",
                    "name": "code_mobile",
                    "type": "textarea",
                    "instructions": "",
                    "required": 0,
                    "conditional_logic": [
                        [
                            {
                                "field": "field_5c5b808e0b158",
                                "operator": "==",
                                "value": "code"
                            }
                        ]
                    ],
                    "wrapper": {
                        "width": "",
                        "class": "",
                        "id": ""
                    },
                    "default_value": "",
                    "placeholder": "",
                    "maxlength": "",
                    "rows": "",
                    "new_lines": ""
                },
                {
                    "key": "field_5c5b808e0b15b",
                    "label": "广告图片（PC 端）",
                    "name": "image_pc",
                    "type": "image",
                    "instructions": "",
                    "required": 0,
                    "conditional_logic": [
                        [
                            {
                                "field": "field_5c5b808e0b158",
                                "operator": "==",
                                "value": "image"
                            }
                        ]
                    ],
                    "wrapper": {
                        "width": "",
                        "class": "",
                        "id": ""
                    },
                    "return_format": "id",
                    "preview_size": "thumbnail",
                    "library": "all",
                    "min_width": "",
                    "min_height": "",
                    "min_size": "",
                    "max_width": "",
                    "max_height": "",
                    "max_size": "",
                    "mime_types": ""
                },
                {
                    "key": "field_5c98f3a2418fb",
                    "label": "广告图片（手机端）",
                    "name": "image_mobile",
                    "type": "image",
                    "instructions": "",
                    "required": 0,
                    "conditional_logic": [
                        [
                            {
                                "field": "field_5c5b808e0b158",
                                "operator": "==",
                                "value": "image"
                            }
                        ]
                    ],
                    "wrapper": {
                        "width": "",
                        "class": "",
                        "id": ""
                    },
                    "return_format": "id",
                    "preview_size": "thumbnail",
                    "library": "all",
                    "min_width": "",
                    "min_height": "",
                    "min_size": "",
                    "max_width": "",
                    "max_height": "",
                    "max_size": "",
                    "mime_types": ""
                }
            ]
        },
        {
            "key": "field_5c98f577524cc",
            "label": "归档页广告",
            "name": "tax_ad",
            "type": "group",
            "instructions": "",
            "required": 0,
            "conditional_logic": 0,
            "wrapper": {
                "width": "",
                "class": "",
                "id": ""
            },
            "layout": "row",
            "sub_fields": [
                {
                    "key": "field_5c98f577524cd",
                    "label": "广告类型",
                    "name": "type",
                    "type": "button_group",
                    "instructions": "",
                    "required": 0,
                    "conditional_logic": 0,
                    "wrapper": {
                        "width": "",
                        "class": "",
                        "id": ""
                    },
                    "choices": {
                        "code": "广告代码",
                        "image": "图像广告",
                        "closed": "关闭"
                    },
                    "allow_null": 0,
                    "default_value": "closed",
                    "layout": "horizontal",
                    "return_format": "value"
                },
                {
                    "key": "field_5c98f577524ce",
                    "label": "广告链接",
                    "name": "link",
                    "type": "text",
                    "instructions": "",
                    "required": 0,
                    "conditional_logic": [
                        [
                            {
                                "field": "field_5c98f577524cd",
                                "operator": "==",
                                "value": "image"
                            }
                        ]
                    ],
                    "wrapper": {
                        "width": "",
                        "class": "",
                        "id": ""
                    },
                    "default_value": "",
                    "placeholder": "",
                    "prepend": "",
                    "append": "",
                    "maxlength": ""
                },
                {
                    "key": "field_5c98f577524cf",
                    "label": "广告代码（PC 端）",
                    "name": "code_pc",
                    "type": "textarea",
                    "instructions": "",
                    "required": 0,
                    "conditional_logic": [
                        [
                            {
                                "field": "field_5c98f577524cd",
                                "operator": "==",
                                "value": "code"
                            }
                        ]
                    ],
                    "wrapper": {
                        "width": "",
                        "class": "",
                        "id": ""
                    },
                    "default_value": "",
                    "placeholder": "",
                    "maxlength": "",
                    "rows": "",
                    "new_lines": ""
                },
                {
                    "key": "field_5c98f577524d0",
                    "label": "广告代码（手机端）",
                    "name": "code_mobile",
                    "type": "textarea",
                    "instructions": "",
                    "required": 0,
                    "conditional_logic": [
                        [
                            {
                                "field": "field_5c98f577524cd",
                                "operator": "==",
                                "value": "code"
                            }
                        ]
                    ],
                    "wrapper": {
                        "width": "",
                        "class": "",
                        "id": ""
                    },
                    "default_value": "",
                    "placeholder": "",
                    "maxlength": "",
                    "rows": "",
                    "new_lines": ""
                },
                {
                    "key": "field_5c98f577524d1",
                    "label": "广告图片（PC 端）",
                    "name": "image_pc",
                    "type": "image",
                    "instructions": "",
                    "required": 0,
                    "conditional_logic": [
                        [
                            {
                                "field": "field_5c98f577524cd",
                                "operator": "==",
                                "value": "image"
                            }
                        ]
                    ],
                    "wrapper": {
                        "width": "",
                        "class": "",
                        "id": ""
                    },
                    "return_format": "id",
                    "preview_size": "thumbnail",
                    "library": "all",
                    "min_width": "",
                    "min_height": "",
                    "min_size": "",
                    "max_width": "",
                    "max_height": "",
                    "max_size": "",
                    "mime_types": ""
                },
                {
                    "key": "field_5c98f577524d2",
                    "label": "广告图片（手机端）",
                    "name": "image_mobile",
                    "type": "image",
                    "instructions": "",
                    "required": 0,
                    "conditional_logic": [
                        [
                            {
                                "field": "field_5c98f577524cd",
                                "operator": "==",
                                "value": "image"
                            }
                        ]
                    ],
                    "wrapper": {
                        "width": "",
                        "class": "",
                        "id": ""
                    },
                    "return_format": "id",
                    "preview_size": "thumbnail",
                    "library": "all",
                    "min_width": "",
                    "min_height": "",
                    "min_size": "",
                    "max_width": "",
                    "max_height": "",
                    "max_size": "",
                    "mime_types": ""
                }
            ]
        },
        {
            "key": "field_5c4d248194c75",
            "label": "底部设置",
            "name": "",
            "type": "tab",
            "instructions": "",
            "required": 0,
            "conditional_logic": 0,
            "wrapper": {
                "width": "",
                "class": "",
                "id": ""
            },
            "placement": "top",
            "endpoint": 0
        },
        {
            "key": "field_5d0b7b0844bc8",
            "label": "友情链接",
            "name": "links",
            "type": "button_group",
            "instructions": "",
            "required": 0,
            "conditional_logic": 0,
            "wrapper": {
                "width": "",
                "class": "",
                "id": ""
            },
            "choices": [
                "关闭",
                "开启"
            ],
            "allow_null": 0,
            "default_value": 1,
            "layout": "horizontal",
            "return_format": "value"
        },
        {
            "key": "field_5df192f62c53c",
            "label": "是否全站显示",
            "name": "links_global",
            "type": "button_group",
            "instructions": "",
            "required": 0,
            "conditional_logic": [
                [
                    {
                        "field": "field_5d0b7b0844bc8",
                        "operator": "==",
                        "value": "1"
                    }
                ]
            ],
            "wrapper": {
                "width": "",
                "class": "",
                "id": ""
            },
            "choices": [
                "关闭",
                "开启"
            ],
            "allow_null": 0,
            "default_value": 0,
            "layout": "horizontal",
            "return_format": "value"
        },
        {
            "key": "field_5d0b742ec7352",
            "label": "链接目录",
            "name": "links_cat",
            "type": "link_cat",
            "instructions": "不选择则默认展示全部",
            "required": 0,
            "conditional_logic": [
                [
                    {
                        "field": "field_5d0b7b0844bc8",
                        "operator": "==",
                        "value": "1"
                    }
                ]
            ],
            "wrapper": {
                "width": "",
                "class": "",
                "id": ""
            },
            "save_format": "id",
            "allow_null": 1
        },
        {
            "key": "field_5cff2bbc10d51",
            "label": "社交信息",
            "name": "",
            "type": "accordion",
            "instructions": "",
            "required": 0,
            "conditional_logic": 0,
            "wrapper": {
                "width": "",
                "class": "",
                "id": ""
            },
            "open": 0,
            "multi_expand": 0,
            "endpoint": 0
        },
        {
            "key": "field_5cff289c952bc",
            "label": "社交信息",
            "name": "social_connect",
            "type": "group",
            "instructions": "",
            "required": 0,
            "conditional_logic": 0,
            "wrapper": {
                "width": "",
                "class": "",
                "id": ""
            },
            "layout": "block",
            "sub_fields": [
                {
                    "key": "field_5cff28e6a36e9",
                    "label": "QQ",
                    "name": "qq",
                    "type": "group",
                    "instructions": "",
                    "required": 0,
                    "conditional_logic": 0,
                    "wrapper": {
                        "width": "",
                        "class": "",
                        "id": ""
                    },
                    "layout": "block",
                    "sub_fields": [
                        {
                            "key": "field_5cff28f6a36ea",
                            "label": "标题",
                            "name": "title",
                            "type": "text",
                            "instructions": "",
                            "required": 0,
                            "conditional_logic": 0,
                            "wrapper": {
                                "width": "",
                                "class": "",
                                "id": ""
                            },
                            "default_value": "",
                            "placeholder": "",
                            "prepend": "",
                            "append": "",
                            "maxlength": ""
                        },
                        {
                            "key": "field_5cff28fca36eb",
                            "label": "描述",
                            "name": "desc",
                            "type": "text",
                            "instructions": "",
                            "required": 0,
                            "conditional_logic": 0,
                            "wrapper": {
                                "width": "",
                                "class": "",
                                "id": ""
                            },
                            "default_value": "",
                            "placeholder": "",
                            "prepend": "",
                            "append": "",
                            "maxlength": ""
                        },
                        {
                            "key": "field_5cff2902a36ec",
                            "label": "二维码",
                            "name": "img",
                            "type": "image",
                            "instructions": "",
                            "required": 0,
                            "conditional_logic": 0,
                            "wrapper": {
                                "width": "",
                                "class": "",
                                "id": ""
                            },
                            "return_format": "",
                            "preview_size": "thumbnail",
                            "library": "",
                            "min_width": "",
                            "min_height": "",
                            "min_size": "",
                            "max_width": "",
                            "max_height": "",
                            "max_size": "",
                            "mime_types": ""
                        }
                    ]
                },
                {
                    "key": "field_5cff2920a36ed",
                    "label": "微信",
                    "name": "weixin",
                    "type": "group",
                    "instructions": "",
                    "required": 0,
                    "conditional_logic": 0,
                    "wrapper": {
                        "width": "",
                        "class": "",
                        "id": ""
                    },
                    "layout": "block",
                    "sub_fields": [
                        {
                            "key": "field_5cff2920a36ee",
                            "label": "标题",
                            "name": "title",
                            "type": "text",
                            "instructions": "",
                            "required": 0,
                            "conditional_logic": 0,
                            "wrapper": {
                                "width": "",
                                "class": "",
                                "id": ""
                            },
                            "default_value": "",
                            "placeholder": "",
                            "prepend": "",
                            "append": "",
                            "maxlength": ""
                        },
                        {
                            "key": "field_5cff2920a36ef",
                            "label": "描述",
                            "name": "desc",
                            "type": "text",
                            "instructions": "",
                            "required": 0,
                            "conditional_logic": 0,
                            "wrapper": {
                                "width": "",
                                "class": "",
                                "id": ""
                            },
                            "default_value": "",
                            "placeholder": "",
                            "prepend": "",
                            "append": "",
                            "maxlength": ""
                        },
                        {
                            "key": "field_5cff2920a36f0",
                            "label": "二维码",
                            "name": "img",
                            "type": "image",
                            "instructions": "",
                            "required": 0,
                            "conditional_logic": 0,
                            "wrapper": {
                                "width": "",
                                "class": "",
                                "id": ""
                            },
                            "return_format": "url",
                            "preview_size": "thumbnail",
                            "library": "all",
                            "min_width": "",
                            "min_height": "",
                            "min_size": "",
                            "max_width": "",
                            "max_height": "",
                            "max_size": "",
                            "mime_types": ""
                        }
                    ]
                },
                {
                    "key": "field_5cff292ca36f1",
                    "label": "微博",
                    "name": "weibo",
                    "type": "text",
                    "instructions": "",
                    "required": 0,
                    "conditional_logic": 0,
                    "wrapper": {
                        "width": "",
                        "class": "",
                        "id": ""
                    },
                    "default_value": "",
                    "placeholder": "",
                    "prepend": "",
                    "append": "",
                    "maxlength": ""
                },
                {
                    "key": "field_5cff294fa36f2",
                    "label": "Facebook",
                    "name": "facebook",
                    "type": "text",
                    "instructions": "",
                    "required": 0,
                    "conditional_logic": 0,
                    "wrapper": {
                        "width": "",
                        "class": "",
                        "id": ""
                    },
                    "default_value": "",
                    "placeholder": "",
                    "prepend": "",
                    "append": "",
                    "maxlength": ""
                },
                {
                    "key": "field_5cff2954a36f3",
                    "label": "Twitter",
                    "name": "twitter",
                    "type": "text",
                    "instructions": "",
                    "required": 0,
                    "conditional_logic": 0,
                    "wrapper": {
                        "width": "",
                        "class": "",
                        "id": ""
                    },
                    "default_value": "",
                    "placeholder": "",
                    "prepend": "",
                    "append": "",
                    "maxlength": ""
                },
                {
                    "key": "field_5cff295ea36f4",
                    "label": "Instagram",
                    "name": "instagram",
                    "type": "text",
                    "instructions": "",
                    "required": 0,
                    "conditional_logic": 0,
                    "wrapper": {
                        "width": "",
                        "class": "",
                        "id": ""
                    },
                    "default_value": "",
                    "placeholder": "",
                    "prepend": "",
                    "append": "",
                    "maxlength": ""
                },
                {
                    "key": "field_5cff2964a36f5",
                    "label": "Linkedin",
                    "name": "linkedin",
                    "type": "text",
                    "instructions": "",
                    "required": 0,
                    "conditional_logic": 0,
                    "wrapper": {
                        "width": "",
                        "class": "",
                        "id": ""
                    },
                    "default_value": "",
                    "placeholder": "",
                    "prepend": "",
                    "append": "",
                    "maxlength": ""
                },
                {
                    "key": "field_5cff2980a36f6",
                    "label": "邮箱",
                    "name": "email",
                    "type": "text",
                    "instructions": "",
                    "required": 0,
                    "conditional_logic": 0,
                    "wrapper": {
                        "width": "",
                        "class": "",
                        "id": ""
                    },
                    "default_value": "",
                    "placeholder": "",
                    "prepend": "",
                    "append": "",
                    "maxlength": ""
                }
            ]
        },
        {
            "key": "field_5cff2bd110d52",
            "label": "社交信息（关闭）",
            "name": "",
            "type": "accordion",
            "instructions": "",
            "required": 0,
            "conditional_logic": 0,
            "wrapper": {
                "width": "",
                "class": "",
                "id": ""
            },
            "open": 0,
            "multi_expand": 0,
            "endpoint": 1
        },
        {
            "key": "field_5cff2bde10d53",
            "label": "底部信息",
            "name": "",
            "type": "accordion",
            "instructions": "",
            "required": 0,
            "conditional_logic": 0,
            "wrapper": {
                "width": "",
                "class": "",
                "id": ""
            },
            "open": 0,
            "multi_expand": 0,
            "endpoint": 0
        },
        {
            "key": "field_5c9114e8c8726",
            "label": "底部信息",
            "name": "footer_bottom",
            "type": "group",
            "instructions": "",
            "required": 0,
            "conditional_logic": 0,
            "wrapper": {
                "width": "",
                "class": "",
                "id": ""
            },
            "layout": "block",
            "sub_fields": [
                {
                    "key": "field_5c4d6166469bd",
                    "label": "底部信息",
                    "name": "footer_text",
                    "type": "textarea",
                    "instructions": "统计代码等",
                    "required": 0,
                    "conditional_logic": 0,
                    "wrapper": {
                        "width": "",
                        "class": "",
                        "id": ""
                    },
                    "default_value": "",
                    "placeholder": "",
                    "maxlength": "",
                    "rows": "",
                    "new_lines": ""
                },
                {
                    "key": "field_5c4d24b294c77",
                    "label": "自定义建站年份",
                    "name": "initial_year",
                    "type": "text",
                    "instructions": "请填写数字，留空为不启用此功能。",
                    "required": 0,
                    "conditional_logic": 0,
                    "wrapper": {
                        "width": "33",
                        "class": "",
                        "id": ""
                    },
                    "default_value": "",
                    "placeholder": "",
                    "prepend": "",
                    "append": "",
                    "maxlength": ""
                },
                {
                    "key": "field_5c7e6ec7dd1b2",
                    "label": "ICP备案号",
                    "name": "miitbeian_button",
                    "type": "button_group",
                    "instructions": "",
                    "required": 0,
                    "conditional_logic": 0,
                    "wrapper": {
                        "width": "",
                        "class": "",
                        "id": ""
                    },
                    "choices": [
                        "关闭",
                        "开启"
                    ],
                    "allow_null": 0,
                    "default_value": 0,
                    "layout": "horizontal",
                    "return_format": "value"
                },
                {
                    "key": "field_5c4d6184469be",
                    "label": "输入ICP备案号",
                    "name": "miitbeian",
                    "type": "text",
                    "instructions": "",
                    "required": 0,
                    "conditional_logic": [
                        [
                            {
                                "field": "field_5c7e6ec7dd1b2",
                                "operator": "==",
                                "value": "1"
                            }
                        ]
                    ],
                    "wrapper": {
                        "width": "",
                        "class": "",
                        "id": ""
                    },
                    "default_value": "",
                    "placeholder": "",
                    "prepend": "",
                    "append": "",
                    "maxlength": ""
                },
                {
                    "key": "field_5c7e722cc37cd",
                    "label": "公安备案号",
                    "name": "gabeian_button",
                    "type": "button_group",
                    "instructions": "",
                    "required": 0,
                    "conditional_logic": 0,
                    "wrapper": {
                        "width": "",
                        "class": "",
                        "id": ""
                    },
                    "choices": [
                        "关闭",
                        "开启"
                    ],
                    "allow_null": 0,
                    "default_value": 0,
                    "layout": "horizontal",
                    "return_format": "value"
                },
                {
                    "key": "field_5c7e728bc37ce",
                    "label": "输入公安备案号",
                    "name": "gabeian",
                    "type": "text",
                    "instructions": "",
                    "required": 0,
                    "conditional_logic": [
                        [
                            {
                                "field": "field_5c7e722cc37cd",
                                "operator": "==",
                                "value": "1"
                            }
                        ]
                    ],
                    "wrapper": {
                        "width": "",
                        "class": "",
                        "id": ""
                    },
                    "default_value": "",
                    "placeholder": "",
                    "prepend": "",
                    "append": "",
                    "maxlength": ""
                },
                {
                    "key": "field_5c7e737cbe641",
                    "label": "输入公安备案号跳转链接",
                    "name": "gabeian_link",
                    "type": "url",
                    "instructions": "",
                    "required": 0,
                    "conditional_logic": [
                        [
                            {
                                "field": "field_5c7e722cc37cd",
                                "operator": "==",
                                "value": "1"
                            }
                        ]
                    ],
                    "wrapper": {
                        "width": "",
                        "class": "",
                        "id": ""
                    },
                    "default_value": "",
                    "placeholder": ""
                }
            ]
        },
        {
            "key": "field_5cff2be810d54",
            "label": "底部信息",
            "name": "",
            "type": "accordion",
            "instructions": "",
            "required": 0,
            "conditional_logic": 0,
            "wrapper": {
                "width": "",
                "class": "",
                "id": ""
            },
            "open": 0,
            "multi_expand": 0,
            "endpoint": 1
        },
        {
            "key": "field_5c4c750802735",
            "label": "主题说明",
            "name": "",
            "type": "tab",
            "instructions": "",
            "required": 0,
            "conditional_logic": 0,
            "wrapper": {
                "width": "",
                "class": "",
                "id": ""
            },
            "placement": "top",
            "endpoint": 0
        },
        {
            "key": "field_5c4c75080273d",
            "label": "关于我们",
            "name": "",
            "type": "message",
            "instructions": "",
            "required": 0,
            "conditional_logic": 0,
            "wrapper": {
                "width": "",
                "class": "",
                "id": ""
            },
            "message": "nicetheme 坚持原创和保持创新的用户体验设计，提供专业与创新的网站解决方案，6 年网站设计开发经验，专注界面设计、WordPress 主题开发、网站设计开发、小程序开发，并提供有保障的维护及售后。\r\n\r\n官网：www.nicetheme.cn\r\n\r\n官方Q群：869890009",
            "new_lines": "wpautop",
            "esc_html": 0
        },
        {
            "key": "field_5c4c750802744",
            "label": "主题介绍",
            "name": "",
            "type": "message",
            "instructions": "",
            "required": 0,
            "conditional_logic": 0,
            "wrapper": {
                "width": "",
                "class": "",
                "id": ""
            },
            "message": "nicetheme 7 周年到来之际，我们带来了全新的 Panda PRO 主题，令人惊叹的昼夜双版设计，精心打磨的一处处细节，一切从心出发，从零开始，只为让您的站点拥有速度与优雅兼具的极致体验。\r\n\r\n全新的 Panda PRO 主题，希望你们会喜欢。",
            "new_lines": "wpautop",
            "esc_html": 0
        },
        {
            "key": "field_5c813d0a1df8e",
            "label": "咨询反馈",
            "name": "",
            "type": "message",
            "instructions": "",
            "required": 0,
            "conditional_logic": 0,
            "wrapper": {
                "width": "",
                "class": "",
                "id": ""
            },
            "message": "如果您在使用过程中有任何疑问或者出现一些问题，请联系我们，我们会协助您。\r\n\r\n咨询方式：登录 nicetheme.cn，在「个人主页」中，找到「提交工单」的按钮，向我们「发送工单」。\r\n\r\n如果您是我们 nicetheme 的会员或者超级会员，我们还会优先为您提供支持。",
            "new_lines": "wpautop",
            "esc_html": 0
        }
    ],
    "location": [
        [
            {
                "param": "options_page",
                "operator": "==",
                "value": "pandapro-options"
            }
        ]
    ],
    "menu_order": 0,
    "position": "normal",
    "style": "default",
    "label_placement": "top",
    "instruction_placement": "label",
    "hide_on_screen": "",
    "active": 1,
    "description": "",
    "config_save_path": "themes\/PandaPRO\/conf",
    "modified": 1576674661
}