{
    "key": "group_5c24df6caabbc",
    "title": "Cosy主题 专题汇总",
    "fields": [
        {
            "key": "field_5c4d81b6b7e4c",
            "label": "置顶专题",
            "name": "top_topics",
            "type": "repeater",
            "instructions": "",
            "required": 0,
            "conditional_logic": 0,
            "wrapper": {
                "width": "",
                "class": "",
                "id": ""
            },
            "collapsed": "",
            "min": 0,
            "max": 4,
            "layout": "table",
            "button_label": "",
            "sub_fields": [
                {
                    "key": "field_5c4d81ddb7e4d",
                    "label": "专题标签",
                    "name": "id",
                    "type": "taxonomy",
                    "instructions": "",
                    "required": 0,
                    "conditional_logic": 0,
                    "wrapper": {
                        "width": "",
                        "class": "",
                        "id": ""
                    },
                    "taxonomy": "special",
                    "field_type": "select",
                    "allow_null": 0,
                    "add_term": 1,
                    "save_terms": 0,
                    "load_terms": 0,
                    "return_format": "id",
                    "multiple": 0
                }
            ]
        }
    ],
    "location": [
        [
            {
                "param": "page_template",
                "operator": "==",
                "value": "pages\/page-topics.php"
            }
        ]
    ],
    "menu_order": 0,
    "position": "normal",
    "style": "default",
    "label_placement": "top",
    "instruction_placement": "label",
    "hide_on_screen": "",
    "active": 1,
    "description": "",
    "config_save_path": "themes\/Cosy19\/conf",
    "modified": 1554221878
}