{
    "key": "group_5c615604371c1",
    "title": "Cosy主题 视频文章拓展",
    "fields": [
        {
            "key": "field_5c61560438c3a",
            "label": "视频地址",
            "name": "video_url",
            "type": "text",
            "instructions": "",
            "required": 0,
            "conditional_logic": 0,
            "wrapper": {
                "width": "",
                "class": "",
                "id": ""
            },
            "default_value": "",
            "placeholder": "",
            "prepend": "",
            "append": "",
            "maxlength": ""
        },
        {
            "key": "field_5c6157603c598",
            "label": "注意",
            "name": "",
            "type": "message",
            "instructions": "",
            "required": 0,
            "conditional_logic": 0,
            "wrapper": {
                "width": "",
                "class": "",
                "id": ""
            },
            "message": "此功能需配合 <a href=\"javascript:open_smartideo_install_window();\">Smartideo<\/a> 插件使用。",
            "new_lines": "wpautop",
            "esc_html": 0
        },
        {
            "key": "field_5ca059e291609",
            "label": "剧集模式",
            "name": "episode_mode",
            "type": "button_group",
            "instructions": "使用前请确认已将所有剧集文章归属在同一个分类目录下",
            "required": 0,
            "conditional_logic": 0,
            "wrapper": {
                "width": "",
                "class": "",
                "id": ""
            },
            "choices": [
                "关闭",
                "开启"
            ],
            "allow_null": 0,
            "default_value": "",
            "layout": "horizontal",
            "return_format": "value"
        },
        {
            "key": "field_5ca05a319160b",
            "label": "所属剧集分类",
            "name": "episode_cat",
            "type": "taxonomy",
            "instructions": "",
            "required": 0,
            "conditional_logic": [
                [
                    {
                        "field": "field_5ca059e291609",
                        "operator": "==",
                        "value": "1"
                    }
                ]
            ],
            "wrapper": {
                "width": "",
                "class": "",
                "id": ""
            },
            "taxonomy": "category",
            "field_type": "select",
            "allow_null": 0,
            "add_term": 0,
            "save_terms": 0,
            "load_terms": 0,
            "return_format": "id",
            "multiple": 0
        },
        {
            "key": "field_5ca05a669160c",
            "label": "剧集序号",
            "name": "episode_no",
            "type": "number",
            "instructions": "",
            "required": 0,
            "conditional_logic": [
                [
                    {
                        "field": "field_5ca059e291609",
                        "operator": "==",
                        "value": "1"
                    }
                ]
            ],
            "wrapper": {
                "width": "",
                "class": "",
                "id": ""
            },
            "default_value": 0,
            "placeholder": "",
            "prepend": "",
            "append": "",
            "min": 0,
            "max": "",
            "step": ""
        }
    ],
    "location": [
        [
            {
                "param": "post_format",
                "operator": "==",
                "value": "video"
            }
        ]
    ],
    "menu_order": 0,
    "position": "normal",
    "style": "default",
    "label_placement": "top",
    "instruction_placement": "label",
    "hide_on_screen": "",
    "active": 1,
    "description": "",
    "config_save_path": "themes\/cosy19\/conf",
    "modified": 1554013518
}