{
    "key": "group_5c4d56a73efb2",
    "title": "Cosy主题 分类拓展",
    "fields": [
        {
            "key": "field_5c6b612ee6c4b",
            "label": "置顶区",
            "name": "top_posts",
            "type": "button_group",
            "instructions": "显示3-4篇置顶的文章，置顶操作请看教程：www.nicetheme.cn\/wordpress-zhi-ding-wen-zhang.html",
            "required": 0,
            "conditional_logic": 0,
            "wrapper": {
                "width": "",
                "class": "",
                "id": ""
            },
            "choices": [
                "关闭",
                "开启"
            ],
            "allow_null": 0,
            "default_value": 0,
            "layout": "horizontal",
            "return_format": "value"
        },
        {
            "key": "field_5c4d56af3d8e1",
            "label": "分类布局样式",
            "name": "cat_style",
            "type": "image_select",
            "instructions": "",
            "required": 0,
            "conditional_logic": 0,
            "wrapper": {
                "width": "",
                "class": "",
                "id": ""
            },
            "choices": {
                "plain": "图文版式",
                "small": "小图版式",
                "medium": "中图版式"
            },
            "default_value": "plain",
            "multiple": 0,
            "image_get_function": "cosy19_get_conf_set_image",
            "other_choice": 0,
            "save_other_choice": 0,
            "allow_null": 0,
            "return_format": "value"
        },
        {
            "key": "field_5c5034090ce8c",
            "label": "分类封面",
            "name": "cover",
            "type": "image",
            "instructions": "",
            "required": 0,
            "conditional_logic": 0,
            "wrapper": {
                "width": "",
                "class": "",
                "id": ""
            },
            "return_format": "url",
            "preview_size": "full",
            "library": "all",
            "min_width": "",
            "min_height": "",
            "min_size": "",
            "max_width": "",
            "max_height": "",
            "max_size": "",
            "mime_types": ""
        },
        {
            "key": "field_5c77354b29571",
            "label": "卡片分类圆点 颜色",
            "name": "card_dot_color",
            "type": "radio",
            "instructions": "请先在⌈主题设置⌋ - ⌈个性化设置⌋ - 开启 ⌈卡片分类圆点⌋ 这个功能，再选择 ⌈ 颜色 ⌋",
            "required": 0,
            "conditional_logic": 0,
            "wrapper": {
                "width": "",
                "class": "",
                "id": ""
            },
            "choices": {
                "#212226": "<font color=\"#212226\">●<\/font>",
                "#F66": "<font color=\"#F66\">●<\/font>",
                "#5d86dc": "<font color=\"#5d86dc\">●<\/font>",
                "#ffc781": "<font color=\"#ffc781\">●<\/font>",
                "#9984de": "<font color=\"#9984de\">●<\/font>",
                "#00CED1": "<font color=\"#00CED1\">●<\/font>",
                "0": "自定义"
            },
            "allow_null": 0,
            "other_choice": 0,
            "default_value": "#212226",
            "layout": "vertical",
            "return_format": "value",
            "save_other_choice": 0
        },
        {
            "key": "field_5c7735ee27a44",
            "label": "卡片分类圆点 颜色自定义",
            "name": "card_dot_color_customize",
            "type": "color_picker",
            "instructions": "请先在⌈主题设置⌋ - ⌈个性化设置⌋ - 开启 ⌈卡片分类圆点⌋ 这个功能，再选择 ⌈ 颜色 ⌋",
            "required": 0,
            "conditional_logic": [
                [
                    {
                        "field": "field_5c77354b29571",
                        "operator": "==",
                        "value": "0"
                    }
                ]
            ],
            "wrapper": {
                "width": "",
                "class": "",
                "id": ""
            },
            "default_value": ""
        }
    ],
    "location": [
        [
            {
                "param": "taxonomy",
                "operator": "==",
                "value": "category"
            }
        ]
    ],
    "menu_order": 0,
    "position": "normal",
    "style": "default",
    "label_placement": "top",
    "instruction_placement": "label",
    "hide_on_screen": "",
    "active": 1,
    "description": "",
    "config_save_path": "themes\/Cosy19\/conf",
    "modified": 1551972440
}