{
  "spectre_css": "https://cdn.jsdelivr.net/npm/spectre.css@0.5.8/dist/spectre.min.css",
  "spectre_exp_css": "https://cdn.jsdelivr.net/npm/spectre.css@0.5.8/dist/spectre.min.css",
  "spectre_icons_css": "https://cdn.jsdelivr.net/npm/spectre.css@0.5.8/dist/spectre-icons.min.css",
  "origami_js": "/wp-content/themes/Origami/js/main.js",
  "origami_css": "/wp-content/themes/Origami/style.css",
  "qrcode_js": "https://cdn.jsdelivr.net/npm/qrcode_js@1.0.0/qrcode.min.js",
  "SMValidator_js": "https://cdn.jsdelivr.net/npm/SMValidator@1.2.7/dist/SMValidator.min.js",
  "font_awesome_css": "https://cdn.jsdelivr.net/npm/font-awesome@4.7.0/css/font-awesome.min.css",
  "canvas_nest_js": "https://cdn.jsdelivr.net/npm/canvas-nest.js@2.0.4/dist/canvas-nest.js",
  "lazyload_js": "https://cdn.jsdelivr.net/npm/vanilla-lazyload@12.0.0/dist/lazyload.min.js",
  "zooming_js": "https://cdn.jsdelivr.net/npm/zooming@2.1.1/build/zooming.min.js",
  "owo_css": "https://cdn.jsdelivr.net/npm/owo@1.0.2/dist/OwO.min.css",
  "owo_js": "https://cdn.jsdelivr.net/npm/owo@1.0.2/dist/OwO.min.js",
  "tocbot_css": "https://cdn.jsdelivr.net/npm/tocbot@4.7.1/dist/tocbot.css",
  "tocbot_js": "https://cdn.jsdelivr.net/npm/tocbot@4.7.1/dist/tocbot.min.js",
  "prism_css": "/wp-content/themes/Origami/css/prism.css",
  "prism_js": "/wp-content/themes/Origami/js/prism.js",
  "katex_js_1": "https://cdn.jsdelivr.net/npm/katex@0.11.0/dist/katex.min.js",
  "katex_js_2": "https://cdn.jsdelivr.net/npm/katex@0.11.0/dist/contrib/auto-render.min.js",
  "katex_css": "https://cdn.jsdelivr.net/npm/katex@0.11.0/dist/katex.min.css",
  "mermaid_js": "https://cdn.jsdelivr.net/npm/mermaid@8.2.3/dist/mermaid.min.js",
  "marked_js": "https://cdn.jsdelivr.net/npm/marked@0.7.0/lib/marked.min.js",
  "mouse_css": "/css/mouse.css",
  "mouse_js": "/js/mouse.js",
  "html2canvas_js": "https://cdn.jsdelivr.net/npm/html2canvas@1.0.0-rc.5/dist/html2canvas.min.js"
}
