{
  "id": "1698061",
  "name": "BitTheme",
  "font_family": "iconfont",
  "css_prefix_text": "icon-",
  "description": "",
  "glyphs": [
    {
      "icon_id": "1244188",
      "name": "大众点评",
      "font_class": "dazhongdianping",
      "unicode": "e691",
      "unicode_decimal": 59025
    },
    {
      "icon_id": "1244189",
      "name": "豆瓣",
      "font_class": "douban",
      "unicode": "e692",
      "unicode_decimal": 59026
    },
    {
      "icon_id": "1244191",
      "name": "淘宝",
      "font_class": "taobao",
      "unicode": "e693",
      "unicode_decimal": 59027
    },
    {
      "icon_id": "1244192",
      "name": "腾讯微博",
      "font_class": "tengxunweibo",
      "unicode": "e694",
      "unicode_decimal": 59028
    },
    {
      "icon_id": "1244193",
      "name": "人人",
      "font_class": "renren",
      "unicode": "e695",
      "unicode_decimal": 59029
    },
    {
      "icon_id": "1244194",
      "name": "邮箱",
      "font_class": "youxiang",
      "unicode": "e696",
      "unicode_decimal": 59030
    },
    {
      "icon_id": "1244195",
      "name": "微信",
      "font_class": "weixin",
      "unicode": "e697",
      "unicode_decimal": 59031
    },
    {
      "icon_id": "1244196",
      "name": "支付宝",
      "font_class": "zhifubao",
      "unicode": "e698",
      "unicode_decimal": 59032
    },
    {
      "icon_id": "1244197",
      "name": "印象笔记",
      "font_class": "yinxiangbiji",
      "unicode": "e699",
      "unicode_decimal": 59033
    },
    {
      "icon_id": "1244198",
      "name": "Facebook",
      "font_class": "Facebook",
      "unicode": "e69a",
      "unicode_decimal": 59034
    },
    {
      "icon_id": "1244199",
      "name": "dribbble",
      "font_class": "dribbble",
      "unicode": "e69b",
      "unicode_decimal": 59035
    },
    {
      "icon_id": "1244200",
      "name": "linkedin",
      "font_class": "linkedin",
      "unicode": "e69c",
      "unicode_decimal": 59036
    },
    {
      "icon_id": "1244201",
      "name": "Instagram",
      "font_class": "Instagram",
      "unicode": "e69d",
      "unicode_decimal": 59037
    },
    {
      "icon_id": "1244202",
      "name": "pinterest",
      "font_class": "pinterest",
      "unicode": "e69e",
      "unicode_decimal": 59038
    },
    {
      "icon_id": "1244203",
      "name": "qq空间",
      "font_class": "qqkongjian",
      "unicode": "e69f",
      "unicode_decimal": 59039
    },
    {
      "icon_id": "1244204",
      "name": "reddit",
      "font_class": "reddit",
      "unicode": "e6a0",
      "unicode_decimal": 59040
    },
    {
      "icon_id": "1244205",
      "name": "tumblr",
      "font_class": "tumblr",
      "unicode": "e6a1",
      "unicode_decimal": 59041
    },
    {
      "icon_id": "1244207",
      "name": "知乎",
      "font_class": "zhihu",
      "unicode": "e6a2",
      "unicode_decimal": 59042
    },
    {
      "icon_id": "1244208",
      "name": "优酷",
      "font_class": "youku",
      "unicode": "e6a3",
      "unicode_decimal": 59043
    },
    {
      "icon_id": "1244209",
      "name": "twitter",
      "font_class": "twitter",
      "unicode": "e6a4",
      "unicode_decimal": 59044
    },
    {
      "icon_id": "1244210",
      "name": "quora",
      "font_class": "quora",
      "unicode": "e6a5",
      "unicode_decimal": 59045
    },
    {
      "icon_id": "1244211",
      "name": "path",
      "font_class": "path",
      "unicode": "e6a6",
      "unicode_decimal": 59046
    },
    {
      "icon_id": "1244212",
      "name": "有道云笔记",
      "font_class": "youdaoyunbiji",
      "unicode": "e6a7",
      "unicode_decimal": 59047
    },
    {
      "icon_id": "1244213",
      "name": "snapchat",
      "font_class": "snapchat",
      "unicode": "e6a8",
      "unicode_decimal": 59048
    },
    {
      "icon_id": "1244214",
      "name": "dropbox",
      "font_class": "dropbox",
      "unicode": "e6a9",
      "unicode_decimal": 59049
    },
    {
      "icon_id": "1244215",
      "name": "line",
      "font_class": "line",
      "unicode": "e6aa",
      "unicode_decimal": 59050
    },
    {
      "icon_id": "1244216",
      "name": "新浪微博",
      "font_class": "xinlangweibo",
      "unicode": "e6ab",
      "unicode_decimal": 59051
    },
    {
      "icon_id": "1244217",
      "name": "qq",
      "font_class": "qq",
      "unicode": "e6ac",
      "unicode_decimal": 59052
    },
    {
      "icon_id": "1244222",
      "name": "whatsapp",
      "font_class": "whatsapp",
      "unicode": "e6ad",
      "unicode_decimal": 59053
    },
    {
      "icon_id": "1244657",
      "name": "朋友圈",
      "font_class": "pengyouquan",
      "unicode": "e6ae",
      "unicode_decimal": 59054
    },
    {
      "icon_id": "5806904",
      "name": "16 Watch_2",
      "font_class": "Watch_",
      "unicode": "e947",
      "unicode_decimal": 59719
    },
    {
      "icon_id": "5806911",
      "name": "1 Watch",
      "font_class": "Watch1",
      "unicode": "e948",
      "unicode_decimal": 59720
    },
    {
      "icon_id": "5806912",
      "name": "6 Hourglass_2",
      "font_class": "Hourglass_",
      "unicode": "e949",
      "unicode_decimal": 59721
    },
    {
      "icon_id": "5806913",
      "name": "3 Alarm clock",
      "font_class": "Alarmclock",
      "unicode": "e94a",
      "unicode_decimal": 59722
    },
    {
      "icon_id": "5806914",
      "name": "2 Timer",
      "font_class": "Timer",
      "unicode": "e94b",
      "unicode_decimal": 59723
    },
    {
      "icon_id": "5806915",
      "name": "5 Hourglass",
      "font_class": "Hourglass",
      "unicode": "e94c",
      "unicode_decimal": 59724
    },
    {
      "icon_id": "5806916",
      "name": "4 Wrist Watch",
      "font_class": "WristWatch",
      "unicode": "e94d",
      "unicode_decimal": 59725
    },
    {
      "icon_id": "5806917",
      "name": "7 Calendar",
      "font_class": "Calendar",
      "unicode": "e94e",
      "unicode_decimal": 59726
    },
    {
      "icon_id": "5806920",
      "name": "2 Entry",
      "font_class": "Entry",
      "unicode": "e94f",
      "unicode_decimal": 59727
    },
    {
      "icon_id": "5806921",
      "name": "1 Exit",
      "font_class": "Exit",
      "unicode": "e950",
      "unicode_decimal": 59728
    },
    {
      "icon_id": "5806922",
      "name": "5 Scale",
      "font_class": "Scale",
      "unicode": "e951",
      "unicode_decimal": 59729
    },
    {
      "icon_id": "5806923",
      "name": "4 Upload",
      "font_class": "Upload",
      "unicode": "e952",
      "unicode_decimal": 59730
    },
    {
      "icon_id": "5806924",
      "name": "3 Download",
      "font_class": "Download",
      "unicode": "e953",
      "unicode_decimal": 59731
    },
    {
      "icon_id": "5806925",
      "name": "6 Scale_2",
      "font_class": "Scale_",
      "unicode": "e954",
      "unicode_decimal": 59732
    },
    {
      "icon_id": "5806926",
      "name": "7 Turn",
      "font_class": "Turn",
      "unicode": "e955",
      "unicode_decimal": 59733
    },
    {
      "icon_id": "5806927",
      "name": "10 Right",
      "font_class": "Right",
      "unicode": "e956",
      "unicode_decimal": 59734
    },
    {
      "icon_id": "5806928",
      "name": "9 Upload to Cloud",
      "font_class": "UploadtoCloud",
      "unicode": "e957",
      "unicode_decimal": 59735
    },
    {
      "icon_id": "5806929",
      "name": "11 Left",
      "font_class": "Left",
      "unicode": "e958",
      "unicode_decimal": 59736
    },
    {
      "icon_id": "5806930",
      "name": "8 Download to Cloud",
      "font_class": "DownloadtoCloud",
      "unicode": "e959",
      "unicode_decimal": 59737
    },
    {
      "icon_id": "5806933",
      "name": "14 Right_2",
      "font_class": "Right_",
      "unicode": "e95a",
      "unicode_decimal": 59738
    },
    {
      "icon_id": "5806934",
      "name": "16 Down_2",
      "font_class": "Down_",
      "unicode": "e95b",
      "unicode_decimal": 59739
    },
    {
      "icon_id": "5806935",
      "name": "15 Left_2",
      "font_class": "Left_",
      "unicode": "e95c",
      "unicode_decimal": 59740
    },
    {
      "icon_id": "5806937",
      "name": "20 Plus",
      "font_class": "Plus",
      "unicode": "e95d",
      "unicode_decimal": 59741
    },
    {
      "icon_id": "5806946",
      "name": "27 Close_2",
      "font_class": "Close_",
      "unicode": "e95e",
      "unicode_decimal": 59742
    },
    {
      "icon_id": "5806947",
      "name": "28 Plus_2",
      "font_class": "Plus_",
      "unicode": "e95f",
      "unicode_decimal": 59743
    },
    {
      "icon_id": "5806949",
      "name": "31 Left_4",
      "font_class": "Left_1",
      "unicode": "e960",
      "unicode_decimal": 59744
    },
    {
      "icon_id": "5806950",
      "name": "30 Right_4",
      "font_class": "Right_1",
      "unicode": "e961",
      "unicode_decimal": 59745
    },
    {
      "icon_id": "5806951",
      "name": "33 Up_4",
      "font_class": "Up_",
      "unicode": "e962",
      "unicode_decimal": 59746
    },
    {
      "icon_id": "5806952",
      "name": "32 Down_4",
      "font_class": "Down_1",
      "unicode": "e963",
      "unicode_decimal": 59747
    },
    {
      "icon_id": "5806953",
      "name": "34 Check_3",
      "font_class": "Check_",
      "unicode": "e964",
      "unicode_decimal": 59748
    },
    {
      "icon_id": "5806954",
      "name": "35 Close_3",
      "font_class": "Close_1",
      "unicode": "e965",
      "unicode_decimal": 59749
    },
    {
      "icon_id": "5806955",
      "name": "37 Minus_3",
      "font_class": "Minus_",
      "unicode": "e966",
      "unicode_decimal": 59750
    },
    {
      "icon_id": "5806956",
      "name": "36 Plus_3",
      "font_class": "Plus_1",
      "unicode": "e967",
      "unicode_decimal": 59751
    },
    {
      "icon_id": "5806957",
      "name": "38 Info",
      "font_class": "Info",
      "unicode": "e968",
      "unicode_decimal": 59752
    },
    {
      "icon_id": "5806958",
      "name": "40 Warning",
      "font_class": "Warning",
      "unicode": "e969",
      "unicode_decimal": 59753
    },
    {
      "icon_id": "5806959",
      "name": "39 Question",
      "font_class": "Question",
      "unicode": "e96a",
      "unicode_decimal": 59754
    },
    {
      "icon_id": "5806960",
      "name": "41 Update, reset",
      "font_class": "Updatereset",
      "unicode": "e96b",
      "unicode_decimal": 59755
    },
    {
      "icon_id": "5806961",
      "name": "42 Update, reset_2",
      "font_class": "Updatereset_",
      "unicode": "e96c",
      "unicode_decimal": 59756
    },
    {
      "icon_id": "5806962",
      "name": "43 Update, reset_3",
      "font_class": "Updatereset_1",
      "unicode": "e96d",
      "unicode_decimal": 59757
    },
    {
      "icon_id": "5806963",
      "name": "44 Update, reset_4",
      "font_class": "Updatereset_2",
      "unicode": "e96e",
      "unicode_decimal": 59758
    },
    {
      "icon_id": "5806688",
      "name": "3 Bookmark",
      "font_class": "Bookmark",
      "unicode": "e883",
      "unicode_decimal": 59523
    },
    {
      "icon_id": "5806689",
      "name": "2 Like",
      "font_class": "Like",
      "unicode": "e884",
      "unicode_decimal": 59524
    },
    {
      "icon_id": "5806690",
      "name": "6 Bell",
      "font_class": "Bell",
      "unicode": "e885",
      "unicode_decimal": 59525
    },
    {
      "icon_id": "5806691",
      "name": "1 Rating",
      "font_class": "Rating",
      "unicode": "e886",
      "unicode_decimal": 59526
    },
    {
      "icon_id": "5806692",
      "name": "5 Bookmark_3",
      "font_class": "Bookmark_",
      "unicode": "e887",
      "unicode_decimal": 59527
    },
    {
      "icon_id": "5806693",
      "name": "4 Bookmark_2",
      "font_class": "Bookmark_1",
      "unicode": "e888",
      "unicode_decimal": 59528
    },
    {
      "icon_id": "5806694",
      "name": "10 Enable",
      "font_class": "Enable",
      "unicode": "e889",
      "unicode_decimal": 59529
    },
    {
      "icon_id": "5806695",
      "name": "7 lock",
      "font_class": "lock",
      "unicode": "e88a",
      "unicode_decimal": 59530
    },
    {
      "icon_id": "5806696",
      "name": "9 Key",
      "font_class": "Key",
      "unicode": "e88b",
      "unicode_decimal": 59531
    },
    {
      "icon_id": "5806697",
      "name": "8 lock_2",
      "font_class": "lock_",
      "unicode": "e88c",
      "unicode_decimal": 59532
    },
    {
      "icon_id": "5806698",
      "name": "11 Search",
      "font_class": "Search",
      "unicode": "e88d",
      "unicode_decimal": 59533
    },
    {
      "icon_id": "5806699",
      "name": "12 Search_2",
      "font_class": "Search_",
      "unicode": "e88e",
      "unicode_decimal": 59534
    },
    {
      "icon_id": "5806700",
      "name": "13 Search_3",
      "font_class": "Search_1",
      "unicode": "e88f",
      "unicode_decimal": 59535
    },
    {
      "icon_id": "5806701",
      "name": "15 Settings_2",
      "font_class": "Settings_",
      "unicode": "e890",
      "unicode_decimal": 59536
    },
    {
      "icon_id": "5806702",
      "name": "16 Settings_3",
      "font_class": "Settings_1",
      "unicode": "e891",
      "unicode_decimal": 59537
    },
    {
      "icon_id": "5806703",
      "name": "17 Operator",
      "font_class": "Operator",
      "unicode": "e892",
      "unicode_decimal": 59538
    },
    {
      "icon_id": "5806704",
      "name": "18 Planet",
      "font_class": "Planet",
      "unicode": "e893",
      "unicode_decimal": 59539
    },
    {
      "icon_id": "5806705",
      "name": "14 Settings",
      "font_class": "Settings",
      "unicode": "e894",
      "unicode_decimal": 59540
    },
    {
      "icon_id": "5806706",
      "name": "19 Like",
      "font_class": "Like1",
      "unicode": "e895",
      "unicode_decimal": 59541
    },
    {
      "icon_id": "5806707",
      "name": "20 Dislike",
      "font_class": "Dislike",
      "unicode": "e896",
      "unicode_decimal": 59542
    },
    {
      "icon_id": "5806708",
      "name": "22 Lightning",
      "font_class": "Lightning",
      "unicode": "e897",
      "unicode_decimal": 59543
    },
    {
      "icon_id": "5806709",
      "name": "23 Glasses",
      "font_class": "Glasses",
      "unicode": "e898",
      "unicode_decimal": 59544
    },
    {
      "icon_id": "5806710",
      "name": "24 Security",
      "font_class": "Security",
      "unicode": "e899",
      "unicode_decimal": 59545
    },
    {
      "icon_id": "5806711",
      "name": "21 Imprint",
      "font_class": "Imprint",
      "unicode": "e89a",
      "unicode_decimal": 59546
    },
    {
      "icon_id": "5806712",
      "name": "25 Security_2",
      "font_class": "Security_",
      "unicode": "e89b",
      "unicode_decimal": 59547
    },
    {
      "icon_id": "5806713",
      "name": "27 Clip",
      "font_class": "Clip",
      "unicode": "e89c",
      "unicode_decimal": 59548
    },
    {
      "icon_id": "5806714",
      "name": "26 Security_3",
      "font_class": "Security_1",
      "unicode": "e89d",
      "unicode_decimal": 59549
    },
    {
      "icon_id": "5806715",
      "name": "29 Drawing pin",
      "font_class": "Drawingpin",
      "unicode": "e89e",
      "unicode_decimal": 59550
    },
    {
      "icon_id": "5806716",
      "name": "30 Way",
      "font_class": "Way",
      "unicode": "e89f",
      "unicode_decimal": 59551
    },
    {
      "icon_id": "5806717",
      "name": "28 Bind",
      "font_class": "Bind",
      "unicode": "e8a0",
      "unicode_decimal": 59552
    },
    {
      "icon_id": "5806718",
      "name": "31 Print",
      "font_class": "Print",
      "unicode": "e8a1",
      "unicode_decimal": 59553
    },
    {
      "icon_id": "5806719",
      "name": "32 Stretch",
      "font_class": "Stretch",
      "unicode": "e8a2",
      "unicode_decimal": 59554
    },
    {
      "icon_id": "5806720",
      "name": "33 Reduce",
      "font_class": "Reduce",
      "unicode": "e8a3",
      "unicode_decimal": 59555
    },
    {
      "icon_id": "5806721",
      "name": "34 Move",
      "font_class": "Move",
      "unicode": "e8a4",
      "unicode_decimal": 59556
    },
    {
      "icon_id": "5806722",
      "name": "35 Cursor",
      "font_class": "Cursor",
      "unicode": "e8a5",
      "unicode_decimal": 59557
    },
    {
      "icon_id": "5806723",
      "name": "36 Delete",
      "font_class": "Delete",
      "unicode": "e8a6",
      "unicode_decimal": 59558
    },
    {
      "icon_id": "5806729",
      "name": "1 Crop",
      "font_class": "Crop",
      "unicode": "e8a7",
      "unicode_decimal": 59559
    },
    {
      "icon_id": "5806730",
      "name": "2 Eyedropper",
      "font_class": "Eyedropper",
      "unicode": "e8a8",
      "unicode_decimal": 59560
    },
    {
      "icon_id": "5806731",
      "name": "5 Brush",
      "font_class": "Brush",
      "unicode": "e8a9",
      "unicode_decimal": 59561
    },
    {
      "icon_id": "5806732",
      "name": "4 Pencil",
      "font_class": "Pencil",
      "unicode": "e8aa",
      "unicode_decimal": 59562
    },
    {
      "icon_id": "5806733",
      "name": "3 Pen",
      "font_class": "Pen",
      "unicode": "e8ab",
      "unicode_decimal": 59563
    },
    {
      "icon_id": "5806734",
      "name": "6 Ruler",
      "font_class": "Ruler",
      "unicode": "e8ac",
      "unicode_decimal": 59564
    },
    {
      "icon_id": "5806735",
      "name": "9 Picture",
      "font_class": "Picture",
      "unicode": "e8ad",
      "unicode_decimal": 59565
    },
    {
      "icon_id": "5806736",
      "name": "12 Cube",
      "font_class": "Cube",
      "unicode": "e8ae",
      "unicode_decimal": 59566
    },
    {
      "icon_id": "5806737",
      "name": "11 Layers",
      "font_class": "Layers",
      "unicode": "e8af",
      "unicode_decimal": 59567
    },
    {
      "icon_id": "5806738",
      "name": "8 Eye",
      "font_class": "Eye",
      "unicode": "e8b0",
      "unicode_decimal": 59568
    },
    {
      "icon_id": "5806739",
      "name": "10 PrtScr",
      "font_class": "PrtScr",
      "unicode": "e8b1",
      "unicode_decimal": 59569
    },
    {
      "icon_id": "5806740",
      "name": "7 Magic Wand",
      "font_class": "MagicWand",
      "unicode": "e8b2",
      "unicode_decimal": 59570
    },
    {
      "icon_id": "5806741",
      "name": "14 Colors",
      "font_class": "Colors",
      "unicode": "e8b3",
      "unicode_decimal": 59571
    },
    {
      "icon_id": "5806742",
      "name": "15 Text",
      "font_class": "Text",
      "unicode": "e8b4",
      "unicode_decimal": 59572
    },
    {
      "icon_id": "5806743",
      "name": "16 Diamond",
      "font_class": "Diamond",
      "unicode": "e8b5",
      "unicode_decimal": 59573
    },
    {
      "icon_id": "5806744",
      "name": "13 Rectangular Marqu",
      "font_class": "RectangularMarqu",
      "unicode": "e8b6",
      "unicode_decimal": 59574
    },
    {
      "icon_id": "5806751",
      "name": "3 Documentation",
      "font_class": "Documentation",
      "unicode": "e8b7",
      "unicode_decimal": 59575
    },
    {
      "icon_id": "5806752",
      "name": "2 Schedule",
      "font_class": "Schedule",
      "unicode": "e8b8",
      "unicode_decimal": 59576
    },
    {
      "icon_id": "5806753",
      "name": "4 Documentation_2",
      "font_class": "Documentation_",
      "unicode": "e8b9",
      "unicode_decimal": 59577
    },
    {
      "icon_id": "5806754",
      "name": "1 Notebook",
      "font_class": "Notebook",
      "unicode": "e8ba",
      "unicode_decimal": 59578
    },
    {
      "icon_id": "5806755",
      "name": "6 Paper",
      "font_class": "Paper",
      "unicode": "e8bb",
      "unicode_decimal": 59579
    },
    {
      "icon_id": "5806756",
      "name": "5 Documentation_3",
      "font_class": "Documentation_1",
      "unicode": "e8bc",
      "unicode_decimal": 59580
    },
    {
      "icon_id": "5806757",
      "name": "7 Paper_2",
      "font_class": "Paper_",
      "unicode": "e8bd",
      "unicode_decimal": 59581
    },
    {
      "icon_id": "5806758",
      "name": "8 Paper_3",
      "font_class": "Paper_1",
      "unicode": "e8be",
      "unicode_decimal": 59582
    },
    {
      "icon_id": "5806759",
      "name": "10 Notebook_2",
      "font_class": "Notebook_",
      "unicode": "e8bf",
      "unicode_decimal": 59583
    },
    {
      "icon_id": "5806760",
      "name": "11 Paper_5",
      "font_class": "Paper_2",
      "unicode": "e8c0",
      "unicode_decimal": 59584
    },
    {
      "icon_id": "5806761",
      "name": "12 Folder",
      "font_class": "Folder",
      "unicode": "e8c1",
      "unicode_decimal": 59585
    },
    {
      "icon_id": "5806762",
      "name": "13 Folder_2",
      "font_class": "Folder_",
      "unicode": "e8c2",
      "unicode_decimal": 59586
    },
    {
      "icon_id": "5806763",
      "name": "15 Folder_4",
      "font_class": "Folder_1",
      "unicode": "e8c3",
      "unicode_decimal": 59587
    },
    {
      "icon_id": "5806764",
      "name": "9 Paper_4",
      "font_class": "Paper_3",
      "unicode": "e8c4",
      "unicode_decimal": 59588
    },
    {
      "icon_id": "5806765",
      "name": "16 Folder_5",
      "font_class": "Folder_2",
      "unicode": "e8c5",
      "unicode_decimal": 59589
    },
    {
      "icon_id": "5806766",
      "name": "17 Folder_6",
      "font_class": "Folder_3",
      "unicode": "e8c6",
      "unicode_decimal": 59590
    },
    {
      "icon_id": "5806767",
      "name": "19 Book_2",
      "font_class": "Book_",
      "unicode": "e8c7",
      "unicode_decimal": 59591
    },
    {
      "icon_id": "5806768",
      "name": "18 Book",
      "font_class": "Book",
      "unicode": "e8c8",
      "unicode_decimal": 59592
    },
    {
      "icon_id": "5806769",
      "name": "14 Folder_3",
      "font_class": "Folder_4",
      "unicode": "e8c9",
      "unicode_decimal": 59593
    },
    {
      "icon_id": "5806770",
      "name": "20 Calculator",
      "font_class": "Calculator",
      "unicode": "e8ca",
      "unicode_decimal": 59594
    },
    {
      "icon_id": "5806771",
      "name": "2 Gesture_2",
      "font_class": "Gesture_",
      "unicode": "e8cb",
      "unicode_decimal": 59595
    },
    {
      "icon_id": "5806772",
      "name": "1 Gesture",
      "font_class": "Gesture",
      "unicode": "e8cc",
      "unicode_decimal": 59596
    },
    {
      "icon_id": "5806773",
      "name": "4 Gesture_4",
      "font_class": "Gesture_1",
      "unicode": "e8cd",
      "unicode_decimal": 59597
    },
    {
      "icon_id": "5806774",
      "name": "6 Gesture_6",
      "font_class": "Gesture_2",
      "unicode": "e8ce",
      "unicode_decimal": 59598
    },
    {
      "icon_id": "5806775",
      "name": "3 Gesture_3",
      "font_class": "Gesture_3",
      "unicode": "e8cf",
      "unicode_decimal": 59599
    },
    {
      "icon_id": "5806776",
      "name": "5 Gesture_5",
      "font_class": "Gesture_4",
      "unicode": "e8d0",
      "unicode_decimal": 59600
    },
    {
      "icon_id": "5806777",
      "name": "5 Flag",
      "font_class": "Flag",
      "unicode": "e8d1",
      "unicode_decimal": 59601
    },
    {
      "icon_id": "5806778",
      "name": "3 Pointer",
      "font_class": "Pointer",
      "unicode": "e8d2",
      "unicode_decimal": 59602
    },
    {
      "icon_id": "5806779",
      "name": "2 Map_2",
      "font_class": "Map_",
      "unicode": "e8d3",
      "unicode_decimal": 59603
    },
    {
      "icon_id": "5806780",
      "name": "4 Pointer_2",
      "font_class": "Pointer_",
      "unicode": "e8d4",
      "unicode_decimal": 59604
    },
    {
      "icon_id": "5806781",
      "name": "6 Flag_2",
      "font_class": "Flag_",
      "unicode": "e8d5",
      "unicode_decimal": 59605
    },
    {
      "icon_id": "5806782",
      "name": "1 Map",
      "font_class": "Map",
      "unicode": "e8d6",
      "unicode_decimal": 59606
    },
    {
      "icon_id": "5806783",
      "name": "7 Pointer_3",
      "font_class": "Pointer_1",
      "unicode": "e8d7",
      "unicode_decimal": 59607
    },
    {
      "icon_id": "5806784",
      "name": "10 Pointer_5",
      "font_class": "Pointer_2",
      "unicode": "e8d8",
      "unicode_decimal": 59608
    },
    {
      "icon_id": "5806785",
      "name": "8 Pointer_4",
      "font_class": "Pointer_3",
      "unicode": "e8d9",
      "unicode_decimal": 59609
    },
    {
      "icon_id": "5806786",
      "name": "9 Compass",
      "font_class": "Compass",
      "unicode": "e8da",
      "unicode_decimal": 59610
    },
    {
      "icon_id": "5806787",
      "name": "1 Avatar",
      "font_class": "Avatar",
      "unicode": "e8db",
      "unicode_decimal": 59611
    },
    {
      "icon_id": "5806788",
      "name": "6 Send",
      "font_class": "Send",
      "unicode": "e8dc",
      "unicode_decimal": 59612
    },
    {
      "icon_id": "5806789",
      "name": "2 Avatar_2",
      "font_class": "Avatar_",
      "unicode": "e8dd",
      "unicode_decimal": 59613
    },
    {
      "icon_id": "5806790",
      "name": "3 Avatar_3",
      "font_class": "Avatar_1",
      "unicode": "e8de",
      "unicode_decimal": 59614
    },
    {
      "icon_id": "5806791",
      "name": "4 Avatar_4",
      "font_class": "Avatar_2",
      "unicode": "e8df",
      "unicode_decimal": 59615
    },
    {
      "icon_id": "5806792",
      "name": "5 Avatar_5",
      "font_class": "Avatar_3",
      "unicode": "e8e0",
      "unicode_decimal": 59616
    },
    {
      "icon_id": "5806793",
      "name": "7 The envelope",
      "font_class": "Theenvelope",
      "unicode": "e8e1",
      "unicode_decimal": 59617
    },
    {
      "icon_id": "5806794",
      "name": "8 The envelope_2",
      "font_class": "Theenvelope_",
      "unicode": "e8e2",
      "unicode_decimal": 59618
    },
    {
      "icon_id": "5806795",
      "name": "9 Handset",
      "font_class": "Handset",
      "unicode": "e8e3",
      "unicode_decimal": 59619
    },
    {
      "icon_id": "5806796",
      "name": "10 Handset_2",
      "font_class": "Handset_",
      "unicode": "e8e4",
      "unicode_decimal": 59620
    },
    {
      "icon_id": "5806797",
      "name": "11 Handset_3",
      "font_class": "Handset_1",
      "unicode": "e8e5",
      "unicode_decimal": 59621
    },
    {
      "icon_id": "5806798",
      "name": "12 Handset_4",
      "font_class": "Handset_2",
      "unicode": "e8e6",
      "unicode_decimal": 59622
    },
    {
      "icon_id": "5806799",
      "name": "14 Handset_6",
      "font_class": "Handset_3",
      "unicode": "e8e7",
      "unicode_decimal": 59623
    },
    {
      "icon_id": "5806800",
      "name": "16 Comment_2",
      "font_class": "Comment_",
      "unicode": "e8e8",
      "unicode_decimal": 59624
    },
    {
      "icon_id": "5806801",
      "name": "15 Comment",
      "font_class": "Comment",
      "unicode": "e8e9",
      "unicode_decimal": 59625
    },
    {
      "icon_id": "5806802",
      "name": "13 Handset_5",
      "font_class": "Handset_4",
      "unicode": "e8ea",
      "unicode_decimal": 59626
    },
    {
      "icon_id": "5806803",
      "name": "17 Comment_3",
      "font_class": "Comment_1",
      "unicode": "e8eb",
      "unicode_decimal": 59627
    },
    {
      "icon_id": "5806804",
      "name": "18 Comment_4",
      "font_class": "Comment_2",
      "unicode": "e8ec",
      "unicode_decimal": 59628
    },
    {
      "icon_id": "5806805",
      "name": "21 E-mail",
      "font_class": "E-mail",
      "unicode": "e8ed",
      "unicode_decimal": 59629
    },
    {
      "icon_id": "5806806",
      "name": "22 Go to",
      "font_class": "Goto",
      "unicode": "e8ee",
      "unicode_decimal": 59630
    },
    {
      "icon_id": "5806807",
      "name": "20 Comment_6",
      "font_class": "Comment_3",
      "unicode": "e8ef",
      "unicode_decimal": 59631
    },
    {
      "icon_id": "5806808",
      "name": "19 Comment_5",
      "font_class": "Comment_4",
      "unicode": "e8f0",
      "unicode_decimal": 59632
    },
    {
      "icon_id": "5806809",
      "name": "23 Go to_2",
      "font_class": "Goto_",
      "unicode": "e8f1",
      "unicode_decimal": 59633
    },
    {
      "icon_id": "5806812",
      "name": "1 Diagram",
      "font_class": "Diagram",
      "unicode": "e8f2",
      "unicode_decimal": 59634
    },
    {
      "icon_id": "5806813",
      "name": "3 Diagram_3",
      "font_class": "Diagram_",
      "unicode": "e8f3",
      "unicode_decimal": 59635
    },
    {
      "icon_id": "5806814",
      "name": "2 Diagram_2",
      "font_class": "Diagram_1",
      "unicode": "e8f4",
      "unicode_decimal": 59636
    },
    {
      "icon_id": "5806815",
      "name": "6 Diagram_6",
      "font_class": "Diagram_2",
      "unicode": "e8f5",
      "unicode_decimal": 59637
    },
    {
      "icon_id": "5806816",
      "name": "5 Diagram_5",
      "font_class": "Diagram_3",
      "unicode": "e8f6",
      "unicode_decimal": 59638
    },
    {
      "icon_id": "5806817",
      "name": "4 Diagram_4",
      "font_class": "Diagram_4",
      "unicode": "e8f7",
      "unicode_decimal": 59639
    },
    {
      "icon_id": "5806818",
      "name": "7 Diagram_7",
      "font_class": "Diagram_5",
      "unicode": "e8f8",
      "unicode_decimal": 59640
    },
    {
      "icon_id": "5806819",
      "name": "9 Purse",
      "font_class": "Purse",
      "unicode": "e8f9",
      "unicode_decimal": 59641
    },
    {
      "icon_id": "5806820",
      "name": "11 Coins",
      "font_class": "Coins",
      "unicode": "e8fa",
      "unicode_decimal": 59642
    },
    {
      "icon_id": "5806821",
      "name": "8 Calculator",
      "font_class": "Calculator1",
      "unicode": "e8fb",
      "unicode_decimal": 59643
    },
    {
      "icon_id": "5806822",
      "name": "12 Coin",
      "font_class": "Coin",
      "unicode": "e8fc",
      "unicode_decimal": 59644
    },
    {
      "icon_id": "5806823",
      "name": "10 Purse_2",
      "font_class": "Purse_",
      "unicode": "e8fd",
      "unicode_decimal": 59645
    },
    {
      "icon_id": "5806824",
      "name": "15 Credit cards",
      "font_class": "Creditcards",
      "unicode": "e8fe",
      "unicode_decimal": 59646
    },
    {
      "icon_id": "5806825",
      "name": "13 Money box",
      "font_class": "Moneybox",
      "unicode": "e8ff",
      "unicode_decimal": 59647
    },
    {
      "icon_id": "5806826",
      "name": "14 Credit card",
      "font_class": "Creditcard",
      "unicode": "e900",
      "unicode_decimal": 59648
    },
    {
      "icon_id": "5806827",
      "name": "16 Money",
      "font_class": "Money",
      "unicode": "e901",
      "unicode_decimal": 59649
    },
    {
      "icon_id": "5806828",
      "name": "17 Portfolio",
      "font_class": "Portfolio",
      "unicode": "e902",
      "unicode_decimal": 59650
    },
    {
      "icon_id": "5806829",
      "name": "18 Dollar",
      "font_class": "Dollar",
      "unicode": "e903",
      "unicode_decimal": 59651
    },
    {
      "icon_id": "5806830",
      "name": "19 Euro",
      "font_class": "Euro",
      "unicode": "e904",
      "unicode_decimal": 59652
    },
    {
      "icon_id": "5806831",
      "name": "20 Pound sterling",
      "font_class": "Poundsterling",
      "unicode": "e905",
      "unicode_decimal": 59653
    },
    {
      "icon_id": "5806832",
      "name": "21 Yuan",
      "font_class": "Yuan",
      "unicode": "e906",
      "unicode_decimal": 59654
    },
    {
      "icon_id": "5806833",
      "name": "22 Ruble",
      "font_class": "Ruble",
      "unicode": "e907",
      "unicode_decimal": 59655
    },
    {
      "icon_id": "5806834",
      "name": "23 Dollar_2",
      "font_class": "Dollar_",
      "unicode": "e908",
      "unicode_decimal": 59656
    },
    {
      "icon_id": "5806835",
      "name": "24 Euro_2",
      "font_class": "Euro_",
      "unicode": "e909",
      "unicode_decimal": 59657
    },
    {
      "icon_id": "5806836",
      "name": "26 Yuan_2",
      "font_class": "Yuan_",
      "unicode": "e90a",
      "unicode_decimal": 59658
    },
    {
      "icon_id": "5806837",
      "name": "25 Pound sterling_2",
      "font_class": "Poundsterling_",
      "unicode": "e90b",
      "unicode_decimal": 59659
    },
    {
      "icon_id": "5806838",
      "name": "27 Ruble_2",
      "font_class": "Ruble_",
      "unicode": "e90c",
      "unicode_decimal": 59660
    },
    {
      "icon_id": "5806839",
      "name": "1 Gift",
      "font_class": "Gift",
      "unicode": "e90d",
      "unicode_decimal": 59661
    },
    {
      "icon_id": "5806840",
      "name": "5 Shopping Cart",
      "font_class": "ShoppingCart",
      "unicode": "e90e",
      "unicode_decimal": 59662
    },
    {
      "icon_id": "5806841",
      "name": "4 Umbrella",
      "font_class": "Umbrella",
      "unicode": "e90f",
      "unicode_decimal": 59663
    },
    {
      "icon_id": "5806842",
      "name": "6 Shopping Cart_2",
      "font_class": "ShoppingCart_",
      "unicode": "e910",
      "unicode_decimal": 59664
    },
    {
      "icon_id": "5806843",
      "name": "2 Discount",
      "font_class": "Discount",
      "unicode": "e911",
      "unicode_decimal": 59665
    },
    {
      "icon_id": "5806844",
      "name": "3 Tag",
      "font_class": "Tag",
      "unicode": "e912",
      "unicode_decimal": 59666
    },
    {
      "icon_id": "5806845",
      "name": "7 Store",
      "font_class": "Store",
      "unicode": "e913",
      "unicode_decimal": 59667
    },
    {
      "icon_id": "5806846",
      "name": "8 Shopping Cart_3",
      "font_class": "ShoppingCart_1",
      "unicode": "e914",
      "unicode_decimal": 59668
    },
    {
      "icon_id": "5806847",
      "name": "9 Shopping Cart_4",
      "font_class": "ShoppingCart_2",
      "unicode": "e915",
      "unicode_decimal": 59669
    },
    {
      "icon_id": "5806848",
      "name": "10 Shopping Cart_5",
      "font_class": "ShoppingCart_3",
      "unicode": "e916",
      "unicode_decimal": 59670
    },
    {
      "icon_id": "5806849",
      "name": "11 Shopping Cart_6",
      "font_class": "ShoppingCart_4",
      "unicode": "e917",
      "unicode_decimal": 59671
    },
    {
      "icon_id": "5806850",
      "name": "12 Shopping Cart_7",
      "font_class": "ShoppingCart_5",
      "unicode": "e918",
      "unicode_decimal": 59672
    },
    {
      "icon_id": "5806851",
      "name": "15 Options_3",
      "font_class": "Options_",
      "unicode": "e919",
      "unicode_decimal": 59673
    },
    {
      "icon_id": "5806852",
      "name": "14 Options_2",
      "font_class": "Options_1",
      "unicode": "e91a",
      "unicode_decimal": 59674
    },
    {
      "icon_id": "5806853",
      "name": "17 Filter_2",
      "font_class": "Filter_",
      "unicode": "e91b",
      "unicode_decimal": 59675
    },
    {
      "icon_id": "5806854",
      "name": "16 Filter",
      "font_class": "Filter",
      "unicode": "e91c",
      "unicode_decimal": 59676
    },
    {
      "icon_id": "5806855",
      "name": "18 Box",
      "font_class": "Box",
      "unicode": "e91d",
      "unicode_decimal": 59677
    },
    {
      "icon_id": "5806856",
      "name": "19 Box_2",
      "font_class": "Box_",
      "unicode": "e91e",
      "unicode_decimal": 59678
    },
    {
      "icon_id": "5806857",
      "name": "21 Delivery",
      "font_class": "Delivery",
      "unicode": "e91f",
      "unicode_decimal": 59679
    },
    {
      "icon_id": "5806858",
      "name": "20 Basket",
      "font_class": "Basket",
      "unicode": "e920",
      "unicode_decimal": 59680
    },
    {
      "icon_id": "5806859",
      "name": "13 Options",
      "font_class": "Options",
      "unicode": "e921",
      "unicode_decimal": 59681
    },
    {
      "icon_id": "5806860",
      "name": "22 Delivery_2",
      "font_class": "Delivery_",
      "unicode": "e922",
      "unicode_decimal": 59682
    },
    {
      "icon_id": "5806862",
      "name": "2 Music_2",
      "font_class": "Music_",
      "unicode": "e923",
      "unicode_decimal": 59683
    },
    {
      "icon_id": "5806863",
      "name": "3 Playlist",
      "font_class": "Playlist",
      "unicode": "e924",
      "unicode_decimal": 59684
    },
    {
      "icon_id": "5806864",
      "name": "6 Repeat",
      "font_class": "Repeat",
      "unicode": "e925",
      "unicode_decimal": 59685
    },
    {
      "icon_id": "5806865",
      "name": "1 Music",
      "font_class": "Music",
      "unicode": "e926",
      "unicode_decimal": 59686
    },
    {
      "icon_id": "5806866",
      "name": "4 Add to playlist",
      "font_class": "Addtoplaylist",
      "unicode": "e927",
      "unicode_decimal": 59687
    },
    {
      "icon_id": "5806867",
      "name": "5 Radio",
      "font_class": "Radio",
      "unicode": "e928",
      "unicode_decimal": 59688
    },
    {
      "icon_id": "5806868",
      "name": "7 Repeat_2",
      "font_class": "Repeat_",
      "unicode": "e929",
      "unicode_decimal": 59689
    },
    {
      "icon_id": "5806869",
      "name": "8 Mix",
      "font_class": "Mix",
      "unicode": "e92a",
      "unicode_decimal": 59690
    },
    {
      "icon_id": "5806870",
      "name": "11 Sound_3",
      "font_class": "Sound_",
      "unicode": "e92b",
      "unicode_decimal": 59691
    },
    {
      "icon_id": "5806871",
      "name": "9 Sound",
      "font_class": "Sound",
      "unicode": "e92c",
      "unicode_decimal": 59692
    },
    {
      "icon_id": "5806872",
      "name": "10 Sound_2",
      "font_class": "Sound_1",
      "unicode": "e92d",
      "unicode_decimal": 59693
    },
    {
      "icon_id": "5806873",
      "name": "12 Microphone",
      "font_class": "Microphone",
      "unicode": "e92e",
      "unicode_decimal": 59694
    },
    {
      "icon_id": "5806874",
      "name": "13 Play",
      "font_class": "Play",
      "unicode": "e92f",
      "unicode_decimal": 59695
    },
    {
      "icon_id": "5806875",
      "name": "14 Pause",
      "font_class": "Pause",
      "unicode": "e930",
      "unicode_decimal": 59696
    },
    {
      "icon_id": "5806876",
      "name": "15 Next",
      "font_class": "Next",
      "unicode": "e931",
      "unicode_decimal": 59697
    },
    {
      "icon_id": "5806877",
      "name": "17 Next",
      "font_class": "Next1",
      "unicode": "e932",
      "unicode_decimal": 59698
    },
    {
      "icon_id": "5806878",
      "name": "16 Previous",
      "font_class": "Previous",
      "unicode": "e933",
      "unicode_decimal": 59699
    },
    {
      "icon_id": "5806879",
      "name": "18 Previous",
      "font_class": "Previous1",
      "unicode": "e934",
      "unicode_decimal": 59700
    },
    {
      "icon_id": "5806880",
      "name": "19 Stop",
      "font_class": "Stop",
      "unicode": "e935",
      "unicode_decimal": 59701
    },
    {
      "icon_id": "5806881",
      "name": "20 Record",
      "font_class": "Record",
      "unicode": "e936",
      "unicode_decimal": 59702
    },
    {
      "icon_id": "5806882",
      "name": "22 Compact disc",
      "font_class": "Compactdisc",
      "unicode": "e937",
      "unicode_decimal": 59703
    },
    {
      "icon_id": "5806883",
      "name": "21 Video",
      "font_class": "Video",
      "unicode": "e938",
      "unicode_decimal": 59704
    },
    {
      "icon_id": "5806885",
      "name": "3 Headphones",
      "font_class": "Headphones",
      "unicode": "e939",
      "unicode_decimal": 59705
    },
    {
      "icon_id": "5806886",
      "name": "1 Photo",
      "font_class": "Photo",
      "unicode": "e93a",
      "unicode_decimal": 59706
    },
    {
      "icon_id": "5806887",
      "name": "5 Mouse",
      "font_class": "Mouse",
      "unicode": "e93b",
      "unicode_decimal": 59707
    },
    {
      "icon_id": "5806888",
      "name": "4 Microphone",
      "font_class": "Microphone1",
      "unicode": "e93c",
      "unicode_decimal": 59708
    },
    {
      "icon_id": "5806889",
      "name": "6 Keyboard",
      "font_class": "Keyboard",
      "unicode": "e93d",
      "unicode_decimal": 59709
    },
    {
      "icon_id": "5806890",
      "name": "2 Video",
      "font_class": "Video1",
      "unicode": "e93e",
      "unicode_decimal": 59710
    },
    {
      "icon_id": "5806891",
      "name": "9 TV",
      "font_class": "TV",
      "unicode": "e93f",
      "unicode_decimal": 59711
    },
    {
      "icon_id": "5806892",
      "name": "10 Monitor",
      "font_class": "Monitor",
      "unicode": "e940",
      "unicode_decimal": 59712
    },
    {
      "icon_id": "5806893",
      "name": "8 USB",
      "font_class": "USB",
      "unicode": "e941",
      "unicode_decimal": 59713
    },
    {
      "icon_id": "5806896",
      "name": "12 Tablet",
      "font_class": "Tablet",
      "unicode": "e942",
      "unicode_decimal": 59714
    },
    {
      "icon_id": "5806897",
      "name": "14 Phone_2",
      "font_class": "Phone_",
      "unicode": "e943",
      "unicode_decimal": 59715
    },
    {
      "icon_id": "5806898",
      "name": "13 Phone",
      "font_class": "Phone",
      "unicode": "e944",
      "unicode_decimal": 59716
    },
    {
      "icon_id": "5806899",
      "name": "17 Window",
      "font_class": "Window",
      "unicode": "e945",
      "unicode_decimal": 59717
    },
    {
      "icon_id": "5806900",
      "name": "15 Watch",
      "font_class": "Watch",
      "unicode": "e946",
      "unicode_decimal": 59718
    }
  ]
}
